Team Number,Event Date,Event Name,Event ID,Award
12Z,2025-11-15,7th Annual All Saints VEX V5 Robotics Competition Tournament,60494,Innovate Award (VRC/VEXU/VAIRC)
12Z,2026-01-17,Potomac School Winter Classic VEX V5 Robotics Competition: (Blended MS/HS),60443,Excellence Award (VRC/VEXU/VAIRC)
12Z,2026-02-07,1x Robotics Presents: Meta Broken at PWC Fairgrounds: VEX V5 Competition 2025-2026: Push Back - High School Qualifier,60759,Design Award (VRC/VEXU/VAIRC)
12Z,2026-02-15,Prowl at the Potomac: VEX V5 Robotics Competition HS Tournament,59937,Excellence Award (VRC/VEXU/VAIRC)
12Z,2026-02-15,Prowl at the Potomac: VEX V5 Robotics Competition HS Tournament,59937,Tournament Champions (VRC/VEXU/VAIRC)
12Z,2026-02-28,[NEW LOCATION] 2026 OWL Firehouse Classic V5RC (Blended MS/HS): @ Beville Middle School,61425,Tournament Champions (VRC/VEXU/VAIRC)
12Z,2026-02-28,[NEW LOCATION] 2026 OWL Firehouse Classic V5RC (Blended MS/HS): @ Beville Middle School,61425,Excellence Award (VRC/VEXU/VAIRC)
12Z,2026-03-14,2026 Virginia VEX V5 Robotics Competition State Championship (HS),62982,Excellence Award (VRC/VEXU/VAIRC)
12Z,2026-03-14,2026 Virginia VEX V5 Robotics Competition State Championship (HS),62982,Tournament Champions (VRC/VEXU/VAIRC)
81Z,2025-10-25,Firebird V5RC Push Back Qualifier: VEX V5 Robotics Competition Push Back,61836,Innovate Award (VRC/VEXU/VAIRC)
81Z,2025-12-13,Vexmen Showdown Qualifier - High School: VEX V5 Robotics Competition Push Back,62837,Innovate Award (VRC/VEXU/VAIRC)
81Z,2026-01-24,New Hope-Solebury Robotics Qualifying Tournament (High School): VEX V5 Robotics Competition Push Back,60129,Tournament Champions (VRC/VEXU/VAIRC)
81Z,2026-02-07,VEX Push Back at Spring-Ford: VEX V5 Robotics Competition Push Back,60047,Tournament Semifinalists (VRC/VEXU/VAIRC)
81Z,2026-02-07,VEX Push Back at Spring-Ford: VEX V5 Robotics Competition Push Back,60047,Innovate Award (VRC/VEXU/VAIRC)
81Z,2026-02-21,Push Back Qualifier at Norristown - HS teams: VEX V5 Robotics Competition Push Back,62936,Tournament Finalists (VRC/VEXU/VAIRC)
81Z,2026-02-21,Push Back Qualifier at Norristown - HS teams: VEX V5 Robotics Competition Push Back,62936,Robot Skills Champion (VRC/VEXU/VAIRC)
81Z,2026-02-21,Push Back Qualifier at Norristown - HS teams: VEX V5 Robotics Competition Push Back,62936,Design Award (VRC/VEXU/VAIRC)
81Z,2026-03-01,[RESCHEDULED] Stoga Summit HS V5RC - Sunday March 1st: Conestoga HS VEX V5 Robotics High School Competition,60893,Build Award (VRC/VEXU/VAIRC)
81Z,2026-03-14,Eastern PA Push Back State Championship - HS teams: VEX V5 Robotics Competition Push Back,62939,Build Award (VRC/VEXU/VAIRC)
169X,2025-12-06,Black Rock Open Middle / High School Blended Event: VEX V5 Robotics Competition 2025-2026: Push Back,60102,Tournament Champions (VRC/VEXU/VAIRC)
169X,2026-02-07,VEX Push Back at Spring-Ford: VEX V5 Robotics Competition Push Back,60047,Tournament Champions (VRC/VEXU/VAIRC)
169X,2026-02-21,Push Back Qualifier at Norristown - HS teams: VEX V5 Robotics Competition Push Back,62936,Sportsmanship Award (VRC/VEXU/VAIRC)
169X,2026-03-14,Eastern PA Push Back State Championship - HS teams: VEX V5 Robotics Competition Push Back,62939,Tournament Champions (VRC/VEXU/VAIRC)
291Z,2025-08-22,2025第三届“AI未来之星”“亚机联建控杯” VEX机器人全国邀请赛-VEX V5  HS,60863,Design Award (VRC/VEXU/VAIRC)
291Z,2025-11-14,2025年第十六届VEX亚洲机器人锦标赛中国选拔赛中西区赛-VEX V5 HS,63772,Tournament Finalists (VRC/VEXU/VAIRC)
291Z,2025-11-14,2025年第十六届VEX亚洲机器人锦标赛中国选拔赛中西区赛-VEX V5 HS,63772,Amaze Award (VRC/VEXU/VAIRC)
291Z,2026-01-06,2025世界机器人大赛总决赛(V5RC-HS): VEX系列赛项,63873,Robot Skills Champion (VRC/VEXU/VAIRC)
291Z,2026-02-01,科创青禾2025-2026全国VEX机器人精英赛 V5RC-HS,60839,Robot Skills 3rd Place (VRC/VEXU/VAIRC)
291Z,2026-02-01,科创青禾2025-2026全国VEX机器人精英赛 V5RC-HS,60839,Think Award (VRC/VEXU/VAIRC)
344E,2025-12-13,Yarmouth VEX V5 Robotics Competition Push Back Qualifier 1: HMS's Holiday Hullabaloo,60803,Tournament Finalists (VRC/VEXU/VAIRC)
344E,2025-12-13,Yarmouth VEX V5 Robotics Competition Push Back Qualifier 1: HMS's Holiday Hullabaloo,60803,Robot Skills Champion (VRC/VEXU/VAIRC)
344E,2026-01-17,Bangor High School Winter Qualifier,62201,Tournament Champions (VRC/VEXU/VAIRC)
344E,2026-01-17,Bangor High School Winter Qualifier,62201,Design Award (VRC/VEXU/VAIRC)
344E,2026-01-31,Yarmouth’s 42nd Guide to Push Back: ∞  hosted by Infinite Improbability ClipperBots,60527,Tournament Finalists (VRC/VEXU/VAIRC)
344E,2026-01-31,Yarmouth’s 42nd Guide to Push Back: ∞  hosted by Infinite Improbability ClipperBots,60527,Innovate Award (VRC/VEXU/VAIRC)
526C,2026-02-21,Milton Red Hawks V5 Tournament: VEX V5 Robotics Competition Blended MS/HS,63267,Excellence Award (VRC/VEXU/VAIRC)
526C,2026-02-21,Milton Red Hawks V5 Tournament: VEX V5 Robotics Competition Blended MS/HS,63267,Tournament Champions (VRC/VEXU/VAIRC)
727G,2025-11-15,Orange County Push Back in the APK (Middle School & High School): VEX V5 Robotics Competition Hosted by AHS Robotics,62382,Excellence Award (VRC/VEXU/VAIRC)
727G,2025-11-15,Orange County Push Back in the APK (Middle School & High School): VEX V5 Robotics Competition Hosted by AHS Robotics,62382,Tournament Champions (VRC/VEXU/VAIRC)
727G,2025-12-26,Sunshine Showdown VEX V5 Robotics Competition Signature Event: High School,60249,Innovate Award (VRC/VEXU/VAIRC)
727G,2026-01-10,Ultimate Warrior Robotics VEX V5 Robotics Competition: Push Back Middle & High School Teams,60110,Robot Skills Champion (VRC/VEXU/VAIRC)
727G,2026-01-23,Kalahari Classic V5RC HIGH SCHOOL Signature Event: High School - WORLDS QUALIFYING DIVISION,60166,Create Award (VRC/VEXU/VAIRC)
727G,2026-02-15,2026 North/Central Florida High School Event Region Championship: VEX V5 Robotics Competition,61242,Amaze Award (VRC/VEXU/VAIRC)
901Z,2025-11-01,First Scrimmage of the Season (V5RC MS/HS): Hosted by Christian Academy in Japan,61764,Tournament Champions (VRC/VEXU/VAIRC)
901Z,2025-11-01,First Scrimmage of the Season (V5RC MS/HS): Hosted by Christian Academy in Japan,61764,Robot Skills Champion (VRC/VEXU/VAIRC)
901Z,2025-11-15,Push Back At CAJ (V5RC MS/HS): V5RC Tournament hosted by Christian Academy in Japan,61904,Tournament Champions (VRC/VEXU/VAIRC)
901Z,2025-12-05,Formosa VEX V5RC Push Back 2025 (MS/HS Teams): International Event,60525,Build Award (VRC/VEXU/VAIRC)
901Z,2026-01-30,Japan V5RC HS National Regional Championship | Supported by KEIO: PUSH BACK 2025-2026 Season,60387,Tournament Champions (VRC/VEXU/VAIRC)
1022W,2025-12-06,Salt Spring Island Push Back Tournament: A Vancouver Island V5 VEX Robotics Competition Regional Qualifying Event,59999,Tournament Champions (VRC/VEXU/VAIRC)
1022W,2026-01-17,Chaos at Claremont - VEX V5RC H.S. Push Back Tournament,60736,Build Award (VRC/VEXU/VAIRC)
1022W,2026-01-31,Vancouver Island North V5RC Tournament - Highland Secondary,62465,Tournament Champions (VRC/VEXU/VAIRC)
1022W,2026-02-14,Port Alberni Pushes Back - VEX V5RC Robotics HS Tournament,61550,Tournament Champions (VRC/VEXU/VAIRC)
1022W,2026-02-14,Port Alberni Pushes Back - VEX V5RC Robotics HS Tournament,61550,Robot Skills Champion (VRC/VEXU/VAIRC)
1104V,2025-11-22,St. Catharines V5RC Qualifier,60250,Build Award (VRC/VEXU/VAIRC)
1104V,2026-02-14,Brampton V5RC Push Back Qualifier: Blended In-Person Remote Judging and digital notebook,62898,Judges Award (VRC/VEXU/VAIC/ADC/VAIRC)
1412J,2025-09-27,Katy Push Back Scrimmage: KRA  Alliances Only,60068,Tournament Champions (VRC/VEXU/VAIRC)
1412J,2025-10-18,Katy Battle of the Bots V5RC Push Back [Blended]: 4th Annual,61794,Tournament Champions (VRC/VEXU/VAIRC)
1412J,2025-10-18,Katy Battle of the Bots V5RC Push Back [Blended]: 4th Annual,61794,Robot Skills Champion (VRC/VEXU/VAIRC)
1412J,2025-10-25,Halloween Madness: Push Back - High School VEX V5 Robotics Competition,61615,Tournament Champions (VRC/VEXU/VAIRC)
1412J,2025-11-12,CFISD Fall Invitational: VEX V5 Robotics Competition Push Back.,61618,Robot Skills Champion (VRC/VEXU/VAIRC)
1412J,2025-12-13,Onalaska V5RC Push Back HS: *Digital Notebook*,59927,Tournament Champions (VRC/VEXU/VAIRC)
1412J,2025-12-13,Onalaska V5RC Push Back HS: *Digital Notebook*,59927,Robot Skills Champion (VRC/VEXU/VAIRC)
1412J,2026-02-05,RECF - VEX UIL Texas State Championship 6A: VEX V5 Robotics Competition,62335,Tournament Champions (VRC/VEXU/VAIRC)
1412J,2026-02-05,RECF - VEX UIL Texas State Championship 6A: VEX V5 Robotics Competition,62335,Robot Skills 3rd Place (VRC/VEXU/VAIRC)
1412J,2026-02-25,Texas V5RC High School Region 3 Championship: VEX V5 Robotics Competition,62341,Tournament Champions (VRC/VEXU/VAIRC)
1412J,2026-02-25,Texas V5RC High School Region 3 Championship: VEX V5 Robotics Competition,62341,Robot Skills Champion (VRC/VEXU/VAIRC)
1412J,2026-02-25,Texas V5RC High School Region 3 Championship: VEX V5 Robotics Competition,62341,Think Award (VRC/VEXU/VAIRC)
1412J,2026-04-08,2026 Texas TSA State Conference Push Back (Blended Event),63158,Tournament Finalists (VRC/VEXU/VAIRC)
1585B,2025-11-15,SSHS Robotics Rumble [Blended]: Push Back Edition,59995,Tournament Finalists (VRC/VEXU/VAIRC)
1585B,2025-12-08,Farm Fresh Push Back Blended Tournament: VEX V5 Robotics Competition,61860,Excellence Award (VRC/VEXU/VAIRC)
1585B,2025-12-08,Farm Fresh Push Back Blended Tournament: VEX V5 Robotics Competition,61860,Tournament Champions (VRC/VEXU/VAIRC)
1585B,2025-12-08,Farm Fresh Push Back Blended Tournament: VEX V5 Robotics Competition,61860,Robot Skills Champion (VRC/VEXU/VAIRC)
1585B,2026-02-07,RECF - VEX UIL Texas State Championship 4A: VEX V5 Robotics Competition,62337,Tournament Champions (VRC/VEXU/VAIRC)
1585B,2026-02-07,RECF - VEX UIL Texas State Championship 4A: VEX V5 Robotics Competition,62337,Robot Skills 2nd Place (VRC/VEXU/VAIRC)
1585B,2026-02-21,UT Tyler VEX V5 Robotics Push Back Fabulous February Tournament 2,63641,Tournament Champions (VRC/VEXU/VAIRC)
1585B,2026-02-21,UT Tyler VEX V5 Robotics Push Back Fabulous February Tournament 2,63641,Robot Skills Champion (VRC/VEXU/VAIRC)
1585B,2026-03-13,VRC Texas Region 2 High School State Championship: VEX V5 Event Regional Championship: Push Back,63336,Robot Skills 3rd Place (VRC/VEXU/VAIRC)
1727K,2026-01-30,Gateway to the West VEX V5 Robotics Competition Signature Event: High School,60004,Build Award (VRC/VEXU/VAIRC)
1727K,2026-02-21,AOE Robotics Summit,63273,Excellence Award (VRC/VEXU/VAIRC)
1727K,2026-02-21,AOE Robotics Summit,63273,Tournament Finalists (VRC/VEXU/VAIRC)
1727K,2026-03-14,2026 Maryland VEX V5 Robotics Competition State Championship - HS,61468,Excellence Award (VRC/VEXU/VAIRC)
1727K,2026-03-14,2026 Maryland VEX V5 Robotics Competition State Championship - HS,61468,Tournament Champions (VRC/VEXU/VAIRC)
1791V,2025-10-26,TAI-VEX Tournament HS 25-26 Push Back: TAI-VEX Tournament HS 25-26 Push Back,60321,Design Award (VRC/VEXU/VAIRC)
1791V,2025-11-22,One World VEX HS Signature Event @ UC Berkeley: High School,60024,Excellence Award (VRC/VEXU/VAIRC)
1791V,2025-12-14,2025-2026 VEX TAIWAN OPEN  V5RC Tournament（MS/HS）,61437,Excellence Award - High School (VRC/VAIRC)
1791V,2025-12-14,2025-2026 VEX TAIWAN OPEN  V5RC Tournament（MS/HS）,61437,Tournament Champions (VRC/VEXU/VAIRC)
1791V,2025-12-14,2025-2026 VEX TAIWAN OPEN  V5RC Tournament（MS/HS）,61437,Robot Skills Champion (VRC/VEXU/VAIRC)
1791V,2025-12-18,2025-2026 PAS-VEX V5RC Signature Event: High School,60121,Robot Skills Champion (VRC/VEXU/VAIRC)
1791V,2025-12-18,2025-2026 PAS-VEX V5RC Signature Event: High School,60121,Innovate Award (VRC/VEXU/VAIRC)
1791V,2026-01-25,TNAS CUP | Skills Challenge: 2025-26 V5RC PUSH BACK - MS / HS,63297,Robot Skills Champion (VRC/VEXU/VAIRC)
1791V,2026-02-03,2025-2026 VEX TAIWAN OPEN V5RC 高中組冠軍賽(HS): National Championship,60059,Robot Skills 2nd Place (VRC/VEXU/VAIRC)
1791V,2026-02-03,2025-2026 VEX TAIWAN OPEN V5RC 高中組冠軍賽(HS): National Championship,60059,Excellence Award (VRC/VEXU/VAIRC)
2011F,2025-10-25,"Boo at Woo Blended Tournament: VEX V5 Robotics Competition Push Back, Wooster, OH",61669,Create Award (VRC/VEXU/VAIRC)
2011F,2025-11-08,Dan Spak Memorial: VEX V5 Robotics Competition Push Back,61956,Tournament Finalists (VRC/VEXU/VAIRC)
2011F,2025-11-08,Dan Spak Memorial: VEX V5 Robotics Competition Push Back,61956,Think Award (VRC/VEXU/VAIRC)
2011F,2025-11-14,LAUNCH at EATON V5 Robotics Competition Signature Event: High School Signature Event,59915,Create Award (VRC/VEXU/VAIRC)
2011F,2025-12-13,60883 Akron STEM Holiday Classic: VEX V5 Robotics Competition Push Back,62649,Tournament Finalists (VRC/VEXU/VAIRC)
2011F,2025-12-13,60883 Akron STEM Holiday Classic: VEX V5 Robotics Competition Push Back,62649,Amaze Award (VRC/VEXU/VAIRC)
2011F,2026-01-10,Picktown Throwdown High School Qualifier: VEX V5 Robotics Competition Push Back,61442,Tournament Finalists (VRC/VEXU/VAIRC)
2011F,2026-03-06,2026 Ohio V5RC HS Robotics State Championship: V5RC  High School Division,61933,Tournament Finalists (VRC/VEXU/VAIRC)
2115P,2025-11-24,Space City VEX V5 Robotics Competition Signature Event HS: High School,60209,Tournament Semifinalists (VRC/VEXU/VAIRC)
2115P,2026-01-18,robotics is ez @ discovery cube oc - hs: VEX V5 Robotics Competition - Push Back,63628,Robot Skills Champion (VRC/VEXU/VAIRC)
2115P,2026-02-27,California Region 4 2026 High School ERC: VEX V5 Robotics Competition :Push Back,61926,Tournament Finalists (VRC/VEXU/VAIRC)
2147Z,2025-09-26,Great Planes Signature Event: High School VEX V5 Robotics Competition,59933,Judges Award (VRC/VEXU/VAIC/ADC/VAIRC)
2147Z,2025-11-15,Bots & Bolts I: Push Back Showdown: VEX V5 Robotics Competition : Push Back : High School,61335,Tournament Champions (VRC/VEXU/VAIRC)
2147Z,2025-11-16,SoCal Showdown @ McBride: VEX V5 Robotics Competition : Blended MS/HS,61249,Design Award (VRC/VEXU/VAIRC)
2147Z,2025-12-30,Diamond in the Desert High School Signature Event: High School | The Arizona VEX Signature Event,59904,Innovate Award (VRC/VEXU/VAIRC)
2147Z,2026-01-24,Bots & Bolts III: Push Back Alliance Push: VEX V5 Robotics Competition : Push Back : High School,62315,Excellence Award (VRC/VEXU/VAIRC)
2147Z,2026-02-27,California Region 4 2026 High School ERC: VEX V5 Robotics Competition :Push Back,61926,Build Award (VRC/VEXU/VAIRC)
2360C,2025-10-21,VEX V5RC HS IPSD Robotics Invitational League (25-26): VEX V5 Robotics Competition,60553,Robot Skills 2nd Place (VRC/VEXU/VAIRC)
2360C,2026-03-13,2026 Illinois V5RC HS State Competition - Push Back: VEX V5 Robotics Competition,63046,Tournament Finalists (VRC/VEXU/VAIRC)
2501S,2025-10-18,"UNO Mavericks VEX V5RC HS Only - Push Back: Tournament hosted by RVRSE VURC, VEX V5 Robotics Competition",61479,Judges Award (VRC/VEXU/VAIC/ADC/VAIRC)
2501S,2025-11-15,Lynx Robotics - Battle in the Bluffs MS/HS V5RC; Council Bluffs: VEX V5 Robotics Competition,60046,Tournament Champions (VRC/VEXU/VAIRC)
2501S,2025-11-15,Lynx Robotics - Battle in the Bluffs MS/HS V5RC; Council Bluffs: VEX V5 Robotics Competition,60046,Robot Skills Champion (VRC/VEXU/VAIRC)
2501S,2025-12-06,2025 Western Iowa V5RC Blended PWNAMENT Push Back: Blended VEX V5 Robotics Competition  HS/MS,63057,Tournament Champions (VRC/VEXU/VAIRC)
2501S,2025-12-06,2025 Western Iowa V5RC Blended PWNAMENT Push Back: Blended VEX V5 Robotics Competition  HS/MS,63057,Design Award (VRC/VEXU/VAIRC)
2501S,2025-12-13,Mount Vernon Stangs V5RC MS/HS Tournament: VEX V5 Robotics competition,63029,Excellence Award (VRC/VEXU/VAIRC)
2501S,2025-12-13,Mount Vernon Stangs V5RC MS/HS Tournament: VEX V5 Robotics competition,63029,Tournament Champions (VRC/VEXU/VAIRC)
2501S,2025-12-13,Mount Vernon Stangs V5RC MS/HS Tournament: VEX V5 Robotics competition,63029,Robot Skills Champion (VRC/VEXU/VAIRC)
2501S,2026-01-10,"Missouri River Rumble V5RC Blended; Council Bluffs, IA: VEX V5 Robotics Competition",63315,Tournament Champions (VRC/VEXU/VAIRC)
2501S,2026-01-10,"Missouri River Rumble V5RC Blended; Council Bluffs, IA: VEX V5 Robotics Competition",63315,Robot Skills Champion (VRC/VEXU/VAIRC)
2501S,2026-02-14,Mustang Madness - HS V5RC Push Back: VEX V5 Robotics Competition Millard North High School,60866,Tournament Champions (VRC/VEXU/VAIRC)
2501S,2026-02-28,2026 Iowa V5RC HS State Push Back Robotics Championship: VEX V5 Robotics Competition High School V5RC,63060,Design Award (VRC/VEXU/VAIRC)
2501S,2026-03-16,2026 CREATE U.S. Open Robotics Tournament- V5RC High School: VEX V5 Robotics Competition HIGH SCHOOL,60346,Sportsmanship Award (VRC/VEXU/VAIRC)
2602K,2025-10-25,CTEEA at Hall HS VEX V5 October Push Back Qualifier: 6th Annual CT Season Opener,60177,Tournament Champions (VRC/VEXU/VAIRC)
2602K,2025-10-25,CTEEA at Hall HS VEX V5 October Push Back Qualifier: 6th Annual CT Season Opener,60177,Design Award (VRC/VEXU/VAIRC)
2602K,2025-11-22,North Andover High School VEX V5 Push Back - HS Qualifier,60179,Innovate Award (VRC/VEXU/VAIRC)
2602K,2025-11-22,North Andover High School VEX V5 Push Back - HS Qualifier,60179,Tournament Finalists (VRC/VEXU/VAIRC)
2602K,2025-12-04,WAVE at WPI VEX V5 Robotics Competition Signature Event: High School,59994,Robot Skills Champion (VRC/VEXU/VAIRC)
2602K,2025-12-04,WAVE at WPI VEX V5 Robotics Competition Signature Event: High School,59994,Innovate Award (VRC/VEXU/VAIRC)
2602K,2025-12-20,Framingham VEX V5 Competition HS Push Back December Tournament,60074,Innovate Award (VRC/VEXU/VAIRC)
2602K,2026-01-10,Hopkinton Jan VEX V5 Pushback Tournament 2026,60393,Excellence Award (VRC/VEXU/VAIRC)
2602K,2026-01-10,Hopkinton Jan VEX V5 Pushback Tournament 2026,60393,Tournament Champions (VRC/VEXU/VAIRC)
2602K,2026-01-10,Hopkinton Jan VEX V5 Pushback Tournament 2026,60393,Robot Skills Champion (VRC/VEXU/VAIRC)
2602K,2026-02-07,Framingham VEX V5  Competition HS Push Back February Tournament,60428,Design Award (VRC/VEXU/VAIRC)
2602K,2026-02-07,Framingham VEX V5  Competition HS Push Back February Tournament,60428,Tournament Finalists (VRC/VEXU/VAIRC)
2602K,2026-02-21,Bancroft VEX V5 HS Push Back Tournament,61821,Tournament Champions (VRC/VEXU/VAIRC)
2602K,2026-03-07,Massachusetts VEX V5 High School State Championship,63086,Tournament Semifinalists (VRC/VEXU/VAIRC)
2815Z,2025-11-21,2025“大湾区”VEX机器人全国邀请赛--VEX V5 混组,63731,Tournament Champions (VRC/VEXU/VAIRC)
2815Z,2025-11-21,2025“大湾区”VEX机器人全国邀请赛--VEX V5 混组,63731,Robot Skills Champion (VRC/VEXU/VAIRC)
2815Z,2025-11-21,2025“大湾区”VEX机器人全国邀请赛--VEX V5 混组,63731,Think Award (VRC/VEXU/VAIRC)
2815Z,2025-12-18,VEX Asia Open Signature Event V5RC HS: High School,60484,Amaze Award (VRC/VEXU/VAIRC)
2815Z,2025-12-31,2025-2026 VEX Robotics Competition Asia Open Finals (V5RC_HS),63545,Robot Skills 2nd Place (VRC/VEXU/VAIRC)
3134G,2025-10-04,"Tri-Valley VEX V5 Robotics Competition #1: HS&MS only, Remote Engineering Notebooks & Interviews",61019,Design Award (VRC/VEXU/VAIRC)
3134G,2025-11-08,Central Valley VEX V5 Push Back Tournament #3,61460,Excellence Award - High School (VRC/VAIRC)
3134G,2025-11-26,Signature Event Campeonato Internacional de Robótica: y Habilidades STEM 2025-2026 Playa del Carmen,60637,Tournament Champions (VRC/VEXU/VAIRC)
3134G,2025-11-26,Signature Event Campeonato Internacional de Robótica: y Habilidades STEM 2025-2026 Playa del Carmen,60637,Excellence Award (VRC/VEXU/VAIRC)
3204A,2026-02-20,2025/26 NZ Kiwibots VEX V5RC National Championships: PUSH BACK.: New Zealand  High School VEX Push Back Nationals 2025/2026,61404,Design Award (VRC/VEXU/VAIRC)
3588X,2025-12-26,Sunshine Showdown VEX V5 Robotics Competition Signature Event: High School,60249,Robot Skills Champion (VRC/VEXU/VAIRC)
3588X,2026-01-31,Rolling Robots Last Chance Skills: VEX V5 Robotics Competition :Push Back,62348,Robot Skills Champion (VRC/VEXU/VAIRC)
3588X,2026-02-08,2025 San Diego VEX Match Only Tournament No. 8: V5RC : Push Back Matches Only #8,60418,Robot Skills Champion (VRC/VEXU/VAIRC)
3796D,2025-11-15,VEX V5 Robotics Competition- B3: Bot Battle at the Bluff: High School/Middle School Teams,60045,Tournament Champions (VRC/VEXU/VAIRC)
4142C,2025-11-22,Roosevelt JROTC Blended HS/MS V5RC Tournament: V5RC : Push Back Open to JROTC and Non-JROTC Teams,62038,Innovate Award (VRC/VEXU/VAIRC)
4142C,2026-02-13,Hawaii Regional Championship VEX V5 High School Division: VEX V5 Robotics Competition State Championship,62322,Design Award (VRC/VEXU/VAIRC)
4588B,2025-11-08,Cpt Waskow's salute to Veterans Challenge: HS/MS V5RC 2025-2026: Push Back Belton New Tech @Waskow,62066,Tournament Champions (VRC/VEXU/VAIRC)
4588B,2025-11-08,Cpt Waskow's salute to Veterans Challenge: HS/MS V5RC 2025-2026: Push Back Belton New Tech @Waskow,62066,Design Award (VRC/VEXU/VAIRC)
4588B,2025-11-08,Cpt Waskow's salute to Veterans Challenge: HS/MS V5RC 2025-2026: Push Back Belton New Tech @Waskow,62066,Robot Skills Champion (VRC/VEXU/VAIRC)
4588B,2026-01-10,Battle by the Lake: HS V5RC Tournament - Push Back,63178,Tournament Champions (VRC/VEXU/VAIRC)
4588B,2026-01-10,Battle by the Lake: HS V5RC Tournament - Push Back,63178,Robot Skills Champion (VRC/VEXU/VAIRC)
4588B,2026-02-07,RECF - VEX UIL Texas State Championship 1A-3A: VEX V5 Robotics Competition,62338,Tournament Finalists (VRC/VEXU/VAIRC)
4588B,2026-02-07,RECF - VEX UIL Texas State Championship 1A-3A: VEX V5 Robotics Competition,62338,Robot Skills 3rd Place (VRC/VEXU/VAIRC)
4588B,2026-02-18,RESCHEDULED: Push Back at Lake Belton High School: New Date: 2.18 VEX V5 Robotics Competition 2025-2026: Push Back,63930,Tournament Champions (VRC/VEXU/VAIRC)
4588B,2026-02-21,3rd annual Dragons Den Challenge: VEX V5 Robotics Competition 2025-2026: Push Back,63744,Excellence Award - High School (VRC/VAIRC)
4588B,2026-03-14,Texas Region 4 V5RC High School Championship: VEX V5 Robotics Competition 2025-2026: Push Back,63914,Tournament Champions (VRC/VEXU/VAIRC)
4886W,2026-01-10,The 2026 Bow Bot Bout: It's gonna be great!,60119,Tournament Finalists (VRC/VEXU/VAIRC)
4886W,2026-01-19,RPI 2026 VEX V5 Robotics Competition: Push Back Qualifying Tournament,62851,Tournament Champions (VRC/VEXU/VAIRC)
4886W,2026-01-19,RPI 2026 VEX V5 Robotics Competition: Push Back Qualifying Tournament,62851,Innovate Award (VRC/VEXU/VAIRC)
4886W,2026-01-31,Mount Washington Valley VEX V5 Push Back Tournament,63721,Tournament Champions (VRC/VEXU/VAIRC)
4886W,2026-02-14,NH/VT 2026 VEX V5 Push Back Blended State Championship,62158,Tournament Champions (VRC/VEXU/VAIRC)
4886W,2026-02-14,NH/VT 2026 VEX V5 Push Back Blended State Championship,62158,Amaze Award (VRC/VEXU/VAIRC)
5155E,2025-11-22,Concordia Mustangs Blended V5RC Tournament: VEX V5 Robotics Competition,62882,Tournament Champions (VRC/VEXU/VAIRC)
5155E,2025-11-22,Concordia Mustangs Blended V5RC Tournament: VEX V5 Robotics Competition,62882,Robot Skills Champion (VRC/VEXU/VAIRC)
5155E,2026-01-24,O'Neill Eagles MS/HS V5RC Tournamnet: VEX V5 Robotics Competition - Push Back,63039,Design Award (VRC/VEXU/VAIRC)
5155E,2026-02-14,"""Clash on the Platte"" Robotics V5RC MS/HS Tournament: Blended VEX V5 Robotics Competition MS/HS - Grand Island Senior High School",61232,Innovate Award (VRC/VEXU/VAIRC)
5691A,2025-10-03,VEX V5 Robotics Competition – Hub City Robo Rumble: Presented by Jackson State Community College- (HS/MS),60572,Innovate Award (VRC/VEXU/VAIRC)
5691A,2025-10-25,"Searcy Pushback Spooktacular V5RC HS; Searcy, AR: VEX V5 Robotics Competition",60682,Excellence Award (VRC/VEXU/VAIRC)
5691A,2025-10-25,"Searcy Pushback Spooktacular V5RC HS; Searcy, AR: VEX V5 Robotics Competition",60682,Tournament Champions (VRC/VEXU/VAIRC)
5691A,2025-11-15,"Hurricane Fall Classic V5RC (HS Only); Jonesboro, AR: VEX V5 Robotics Competition",60134,Excellence Award (VRC/VEXU/VAIRC)
5691A,2026-02-21,UT Tyler VEX V5 Robotics Push Back Fabulous February Tournament 2,63641,Design Award (VRC/VEXU/VAIRC)
5691A,2026-03-14,Arkansas 2025-2026 State High School Championship: VEX V5 Robotics Competition,61120,Design Award (VRC/VEXU/VAIRC)
6008G,2025-10-11,9185 Pre-Season Tournament :: No Judging: VEX V5 Robotics Competition Push Back,61186,Robot Skills Champion (VRC/VEXU/VAIRC)
6008G,2025-10-11,9185 Pre-Season Tournament :: No Judging: VEX V5 Robotics Competition Push Back,61186,Tournament Finalists (VRC/VEXU/VAIRC)
6008G,2025-10-25,North Union High School Qualifier: VEX V5 Robotics Competition Push Back,60167,Excellence Award (VRC/VEXU/VAIRC)
6008G,2025-10-25,North Union High School Qualifier: VEX V5 Robotics Competition Push Back,60167,Robot Skills Champion (VRC/VEXU/VAIRC)
6008G,2025-11-11,"Central Ohio HIGH SCHOOL League; Richwood, Ohio: VEX V5 Robotics Competition PUSH BACK",61241,Excellence Award (VRC/VEXU/VAIRC)
6008G,2025-11-11,"Central Ohio HIGH SCHOOL League; Richwood, Ohio: VEX V5 Robotics Competition PUSH BACK",61241,Tournament Champions (VRC/VEXU/VAIRC)
6008G,2025-11-11,"Central Ohio HIGH SCHOOL League; Richwood, Ohio: VEX V5 Robotics Competition PUSH BACK",61241,Robot Skills Champion (VRC/VEXU/VAIRC)
6008G,2025-11-14,Smoky Mountain Forge *Signature Event*: High School,60153,Design Award (VRC/VEXU/VAIRC)
6008G,2025-12-20,Roller Coast RoboClash: VEX V5 Robotics Competition Push Back,62020,Tournament Champions (VRC/VEXU/VAIRC)
6008G,2025-12-20,Roller Coast RoboClash: VEX V5 Robotics Competition Push Back,62020,Innovate Award (VRC/VEXU/VAIRC)
6008G,2025-12-28,Columbus Blue Jackets V5RC Blended Game Day Event 2025 - 2026: VEX V5 Robotics Competition Push Back,62091,Excellence Award (VRC/VEXU/VAIRC)
6008G,2026-01-10,Rubber City Rumble - Presented by Akron Roobotics: VEX V5 Robotics Competition Push Back,61701,Tournament Champions (VRC/VEXU/VAIRC)
6008G,2026-01-10,Rubber City Rumble - Presented by Akron Roobotics: VEX V5 Robotics Competition Push Back,61701,Robot Skills Champion (VRC/VEXU/VAIRC)
6008G,2026-01-10,Rubber City Rumble - Presented by Akron Roobotics: VEX V5 Robotics Competition Push Back,61701,Excellence Award - High School (VRC/VAIRC)
6008G,2026-02-07,Harding HS at Ohio State Marion Blended Event: VEX V5 Robotics Competition Push Back,61426,Excellence Award - High School (VRC/VAIRC)
6008G,2026-02-07,Harding HS at Ohio State Marion Blended Event: VEX V5 Robotics Competition Push Back,61426,Tournament Champions (VRC/VEXU/VAIRC)
6008G,2026-02-14,Polaris Automation Highland High School Qualifier: VEX V5 Robotics Competition Push Back,61349,Tournament Champions (VRC/VEXU/VAIRC)
6008G,2026-02-21,Showdown at the Peak - HS Competition: VEX V5 Robotics Competition Push Back,60457,Think Award (VRC/VEXU/VAIRC)
6008G,2026-02-21,Showdown at the Peak - HS Competition: VEX V5 Robotics Competition Push Back,60457,Tournament Champions (VRC/VEXU/VAIRC)
6210M,2025-10-04,Battle at the Bolt 2025 (MS/HS): VEX V5 Robotics Competition Push Back,60692,Excellence Award (VRC/VEXU/VAIRC)
6210M,2025-10-04,Battle at the Bolt 2025 (MS/HS): VEX V5 Robotics Competition Push Back,60692,Robot Skills Champion (VRC/VEXU/VAIRC)
6210M,2025-10-18,Triton Central Push Back VEX V5 Robotics Competition: Middle School and High School Teams,61413,Excellence Award (VRC/VEXU/VAIRC)
6210M,2025-10-18,Triton Central Push Back VEX V5 Robotics Competition: Middle School and High School Teams,61413,Tournament Champions (VRC/VEXU/VAIRC)
6210M,2025-10-25,5th Annual Caston Cobweb Classic VEX V5 Robotics Competition: Push Back Competition Middle and High School Teams,61769,Amaze Award (VRC/VEXU/VAIRC)
6210M,2025-11-08,Bloomington Push Back I - Qualifier: VEX V5 Robotics Competition Middle and High School Teams,60738,Tournament Champions (VRC/VEXU/VAIRC)
6210M,2025-11-08,Bloomington Push Back I - Qualifier: VEX V5 Robotics Competition Middle and High School Teams,60738,Robot Skills Champion (VRC/VEXU/VAIRC)
6210M,2025-11-08,Bloomington Push Back I - Qualifier: VEX V5 Robotics Competition Middle and High School Teams,60738,Judges Award (VRC/VEXU/VAIC/ADC/VAIRC)
6210M,2025-11-15,Purdue SIGBots VEX V5 Robotics Competition Fall Tournament: Push Back Middle School and High School Teams - Qualifier with the SIGBots on Purdue Campus,61810,Tournament Champions (VRC/VEXU/VAIRC)
6210M,2025-11-15,Purdue SIGBots VEX V5 Robotics Competition Fall Tournament: Push Back Middle School and High School Teams - Qualifier with the SIGBots on Purdue Campus,61810,Innovate Award (VRC/VEXU/VAIRC)
6210M,2025-12-10,HCS VEX V5 Robotics Competition Invitational League: Middle and High School Teams,62011,Robot Skills 2nd Place (VRC/VEXU/VAIRC)
6210M,2026-01-10,Greenfield-Central VEX V5 Robotics Competition: Push Back Tournament Middle School and High School Teams,61320,Tournament Champions (VRC/VEXU/VAIRC)
6210M,2026-01-17,Heritage Christian VEX V5 Robotics Competition: Push Back Middle School and High School Teams,61966,Tournament Champions (VRC/VEXU/VAIRC)
6210M,2026-01-17,Heritage Christian VEX V5 Robotics Competition: Push Back Middle School and High School Teams,61966,Robot Skills 2nd Place (VRC/VEXU/VAIRC)
6210M,2026-01-17,Heritage Christian VEX V5 Robotics Competition: Push Back Middle School and High School Teams,61966,Design Award (VRC/VEXU/VAIRC)
6210M,2026-01-30,Gateway to the West VEX V5 Robotics Competition Signature Event: High School,60004,Tournament Champions (VRC/VEXU/VAIRC)
6210M,2026-02-21,Purdue Polytechnic Anderson Robotics Spring Tournament: VEX V5 Robotics Competition Middle School and High School Teams,61998,Tournament Champions (VRC/VEXU/VAIRC)
6210M,2026-03-13,2026 Indiana Robotics State Championship - High School: VEX V5 Robotics Competition High School Teams,62627,Excellence Award (VRC/VEXU/VAIRC)
6210M,2026-03-13,2026 Indiana Robotics State Championship - High School: VEX V5 Robotics Competition High School Teams,62627,Tournament Semifinalists (VRC/VEXU/VAIRC)
6403Z,2025-10-14,"Lake Effect League, VRC Blended - Elyria, Ohio: VEX V5 Robotics Competition Push Back",60754,Tournament Finalists (VRC/VEXU/VAIRC)
6403Z,2025-10-14,"Lake Effect League, VRC Blended - Elyria, Ohio: VEX V5 Robotics Competition Push Back",60754,Robot Skills Champion (VRC/VEXU/VAIRC)
6403Z,2025-10-14,"Lake Effect League, VRC Blended - Elyria, Ohio: VEX V5 Robotics Competition Push Back",60754,Think Award (VRC/VEXU/VAIRC)
6403Z,2025-10-25,"Boo at Woo Blended Tournament: VEX V5 Robotics Competition Push Back, Wooster, OH",61669,Robot Skills Champion (VRC/VEXU/VAIRC)
6403Z,2025-11-22,Mahoning Valley VEX V5RC Blended Qualifier: VEX V5 Robotics Competition 2025-2026: Push Back,60882,Tournament Finalists (VRC/VEXU/VAIRC)
6403Z,2025-11-22,Mahoning Valley VEX V5RC Blended Qualifier: VEX V5 Robotics Competition 2025-2026: Push Back,60882,Robot Skills Champion (VRC/VEXU/VAIRC)
6403Z,2025-11-22,Mahoning Valley VEX V5RC Blended Qualifier: VEX V5 Robotics Competition 2025-2026: Push Back,60882,Amaze Award (VRC/VEXU/VAIRC)
6403Z,2025-12-06,Meaden & Moore HS VEX V5 Robotics Competition 2025-2026: Meaden & Moore,60422,Tournament Champions (VRC/VEXU/VAIRC)
6403Z,2025-12-13,60883 Akron STEM Holiday Classic: VEX V5 Robotics Competition Push Back,62649,Tournament Champions (VRC/VEXU/VAIRC)
6403Z,2026-01-09,"Late Shift High School V5RC - Elyria, Ohio: VEX V5 Robotics Competition Push Back",60751,Tournament Champions (VRC/VEXU/VAIRC)
6403Z,2026-01-09,"Late Shift High School V5RC - Elyria, Ohio: VEX V5 Robotics Competition Push Back",60751,Robot Skills Champion (VRC/VEXU/VAIRC)
6403Z,2026-01-31,Lorain Titans VEX Qualifier High School: V5 Robotics Competition Push Back,61432,Robot Skills Champion (VRC/VEXU/VAIRC)
6403Z,2026-02-07,Harding HS at Ohio State Marion Blended Event: VEX V5 Robotics Competition Push Back,61426,Robot Skills Champion (VRC/VEXU/VAIRC)
6403Z,2026-02-07,Harding HS at Ohio State Marion Blended Event: VEX V5 Robotics Competition Push Back,61426,Tournament Champions (VRC/VEXU/VAIRC)
7110A,2025-10-18,The OWL Spook off V5RC: V5RC Push Back Blended,60044,Tournament Champions (VRC/VEXU/VAIRC)
7110A,2025-10-18,The OWL Spook off V5RC: V5RC Push Back Blended,60044,Judges Award (VRC/VEXU/VAIC/ADC/VAIRC)
7110A,2025-11-24,Space City VEX V5 Robotics Competition Signature Event HS: High School,60209,Sportsmanship Award (VRC/VEXU/VAIRC)
7110A,2025-12-06,Southlake Carroll December Push Back Tournament: V5RC 2025-2026: Push Back HS,61604,Excellence Award (VRC/VEXU/VAIRC)
7110A,2025-12-06,Southlake Carroll December Push Back Tournament: V5RC 2025-2026: Push Back HS,61604,Tournament Champions (VRC/VEXU/VAIRC)
7110A,2026-01-31,Wylie High School VEX Robotics Push Back Tournament Pt.2: High School Only,62318,Excellence Award (VRC/VEXU/VAIRC)
7110A,2026-01-31,Wylie High School VEX Robotics Push Back Tournament Pt.2: High School Only,62318,Tournament Champions (VRC/VEXU/VAIRC)
7110A,2026-02-05,RECF - VEX UIL Texas State Championship 6A: VEX V5 Robotics Competition,62335,Tournament Finalists (VRC/VEXU/VAIRC)
7110A,2026-02-27,2026 Texas Region 5 High School V5 Robotics State Championship: V5RC 2025-2026: Push Back HS,63167,Excellence Award (VRC/VEXU/VAIRC)
7262A,2025-10-24,2025-2026赛季VEX机器人亚洲公开赛华北大区赛（二）V5RC_HS: High School,63093,Design Award (VRC/VEXU/VAIRC)
7262A,2025-12-31,2025-2026 VEX Robotics Competition Asia Open Finals (V5RC_HS),63545,Create Award (VRC/VEXU/VAIRC)
7262A,2026-02-01,科创青禾2025-2026全国VEX机器人精英赛 V5RC-HS,60839,Build Award (VRC/VEXU/VAIRC)
7486A,2025-10-04,2025-2026赛季VEX机器人亚洲公开赛华北大区赛（一）V5RC_HS: High School,62053,Tournament Semifinalists (VRC/VEXU/VAIRC)
7486A,2025-10-04,2025-2026赛季VEX机器人亚洲公开赛华北大区赛（一）V5RC_HS: High School,62053,Design Award (VRC/VEXU/VAIRC)
7486A,2025-12-31,2025-2026 VEX Robotics Competition Asia Open Finals (V5RC_HS),63545,Innovate Award (VRC/VEXU/VAIRC)
7862W,2025-11-01,2025-2026 Viking HS Push Back V5RC: VEX V5 Robotics Competition,62015,Tournament Champions (VRC/VEXU/VAIRC)
7862W,2025-11-01,2025-2026 Viking HS Push Back V5RC: VEX V5 Robotics Competition,62015,Innovate Award (VRC/VEXU/VAIRC)
7862W,2025-11-15,Swather Bot Special Push Back V5RC HS Only: VEX V5 Robotics Competition,61040,Tournament Finalists (VRC/VEXU/VAIRC)
7862W,2026-01-10,Swather Bot Special Push Back V5RC HS Only: VEX V5 Robotics Competition,61098,Tournament Champions (VRC/VEXU/VAIRC)
7862W,2026-01-10,Swather Bot Special Push Back V5RC HS Only: VEX V5 Robotics Competition,61098,Innovate Award (VRC/VEXU/VAIRC)
7862W,2026-02-14,"Goddard HS ""Rumble in the Den"" V5RC Tournament  (HS Only): VEX V5 Robotics Competition, HS Only, All In-Person Judging",63180,Innovate Award (VRC/VEXU/VAIRC)
8076X,2025-11-01,Singapore Spooky Robo Rumble V5RC: V5RC (MS/HS),60371,Robot Skills 2nd Place (VRC/VEXU/VAIRC)
8076X,2025-11-01,Singapore Spooky Robo Rumble V5RC: V5RC (MS/HS),60371,Amaze Award (VRC/VEXU/VAIRC)
8076X,2026-01-31,Singapore V5RC National Championship 2026 (MS/HS): Push Back,61048,Tournament Champions (VRC/VEXU/VAIRC)
8076X,2026-01-31,Singapore V5RC National Championship 2026 (MS/HS): Push Back,61048,Robot Skills Champion (VRC/VEXU/VAIRC)
8448X,2025-11-08,"Maxwell AFB and MPS Vex V5 Push Back Qualifying Event (MS/HS): To be held on Maxwell AFB, Montgomery, AL (relocated to LAMP High School)",60832,Robot Skills Champion (VRC/VEXU/VAIRC)
8448X,2026-01-24,THE HILLS PUSH BACK VEX V5 Robotics Competition- HS/MS: V5RC Tournament in Vestavia Hills,62242,Excellence Award - High School (VRC/VAIRC)
8448X,2026-02-20,Alabama VEX V5 Robotics Competition Event Region Championship: High School Teams Only,62027,Innovate Award (VRC/VEXU/VAIRC)
8894X,2026-02-06,Mecha Mayhem 2026 HS V5RC Push Back Showcase: High School Tournament,60091,Excellence Award (VRC/VEXU/VAIRC)
8894X,2026-02-15,Western Pacific Robotics Academy V5RC Final BC Competition,63451,Tournament Finalists (VRC/VEXU/VAIRC)
9061X,2026-03-14,Eastern PA Push Back State Championship - HS teams: VEX V5 Robotics Competition Push Back,62939,Innovate Award (VRC/VEXU/VAIRC)
9189X,2025-10-18,The OWL Spook off V5RC: V5RC Push Back Blended,60044,Tournament Champions (VRC/VEXU/VAIRC)
9189X,2025-11-01,Trenton Tournament: VEX V5 Push Back Blended Tournament,61603,Tournament Champions (VRC/VEXU/VAIRC)
9189X,2025-11-01,Trenton Tournament: VEX V5 Push Back Blended Tournament,61603,Robot Skills Champion (VRC/VEXU/VAIRC)
9189X,2025-11-01,Trenton Tournament: VEX V5 Push Back Blended Tournament,61603,Excellence Award - High School (VRC/VAIRC)
9189X,2025-11-08,Phoenix Premiere Robotics Blended Tournament: Early Season Push Back,61897,Tournament Champions (VRC/VEXU/VAIRC)
9189X,2025-11-08,Phoenix Premiere Robotics Blended Tournament: Early Season Push Back,61897,Robot Skills Champion (VRC/VEXU/VAIRC)
9189X,2025-11-24,Space City VEX V5 Robotics Competition Signature Event HS: High School,60209,Tournament Champions (VRC/VEXU/VAIRC)
9189X,2025-11-24,Space City VEX V5 Robotics Competition Signature Event HS: High School,60209,Robot Skills 2nd Place (VRC/VEXU/VAIRC)
9189X,2025-11-24,Space City VEX V5 Robotics Competition Signature Event HS: High School,60209,Amaze Award (VRC/VEXU/VAIRC)
9189X,2025-12-06,Southlake Carroll December Push Back Tournament: V5RC 2025-2026: Push Back HS,61604,Tournament Champions (VRC/VEXU/VAIRC)
9189X,2026-01-17,Robot Rodeo DFW Signature Event: High School,60142,Tournament Champions (VRC/VEXU/VAIRC)
9784A,2025-10-11,UCC Early Season PUSH BACK To School V5RC Blended; Bonne Terre: VEX V5 Robotics Competition,61354,Excellence Award (VRC/VEXU/VAIRC)
9784A,2025-10-11,UCC Early Season PUSH BACK To School V5RC Blended; Bonne Terre: VEX V5 Robotics Competition,61354,Tournament Champions (VRC/VEXU/VAIRC)
9784A,2025-10-18,Troy V5RC Blended Spooktacular: VEX V5 Robotics Competition,60963,Robot Skills Champion (VRC/VEXU/VAIRC)
9784A,2025-10-18,Troy V5RC Blended Spooktacular: VEX V5 Robotics Competition,60963,Innovate Award (VRC/VEXU/VAIRC)
9784A,2025-10-18,Troy V5RC Blended Spooktacular: VEX V5 Robotics Competition,60963,Tournament Champions (VRC/VEXU/VAIRC)
9784A,2025-11-08,"Potosi High School V5RC Blended Push Back; Potosi, MO: VEX V5 Robotics Competition",61693,Design Award (VRC/VEXU/VAIRC)
9784A,2025-11-23,"LEEP Back; V5RC Blended; Lawrence, KS: VEX V5 Robotics Competition, MS/HS Blended, Virtual Judging",62161,Excellence Award (VRC/VEXU/VAIRC)
9784A,2025-11-23,"LEEP Back; V5RC Blended; Lawrence, KS: VEX V5 Robotics Competition, MS/HS Blended, Virtual Judging",62161,Tournament Champions (VRC/VEXU/VAIRC)
9784A,2025-11-23,"LEEP Back; V5RC Blended; Lawrence, KS: VEX V5 Robotics Competition, MS/HS Blended, Virtual Judging",62161,Robot Skills Champion (VRC/VEXU/VAIRC)
9784A,2025-12-13,"UCC VEX V5RC Push Back Winter Extravaganza; Desloge, MO: VEX V5RC Robotics Competition",61734,Tournament Champions (VRC/VEXU/VAIRC)
9784A,2025-12-13,"UCC VEX V5RC Push Back Winter Extravaganza; Desloge, MO: VEX V5RC Robotics Competition",61734,Innovate Award (VRC/VEXU/VAIRC)
9784A,2025-12-13,"UCC VEX V5RC Push Back Winter Extravaganza; Desloge, MO: VEX V5RC Robotics Competition",61734,Robot Skills 2nd Place (VRC/VEXU/VAIRC)
9784A,2026-01-11,Parkway West High School Robotics Tournament (V5RC Blended): VEX V5 Robotics Competition,63229,Excellence Award (VRC/VEXU/VAIRC)
9784A,2026-01-11,Parkway West High School Robotics Tournament (V5RC Blended): VEX V5 Robotics Competition,63229,Tournament Champions (VRC/VEXU/VAIRC)
9784A,2026-02-01,Troy Brain Freeze Pushback Tournament VEX V5 HS Only: VEX V5 Robotics Competition,61932,Tournament Champions (VRC/VEXU/VAIRC)
9784A,2026-02-01,Troy Brain Freeze Pushback Tournament VEX V5 HS Only: VEX V5 Robotics Competition,61932,Innovate Award (VRC/VEXU/VAIRC)
9784A,2026-02-08,Ladue Middle School V5RC HIGH SCHOOL ONLY Tournament; St. Louis: VEX V5 Robotics Competition HIGH SCHOOL ONLY TOURNAMENT,61892,Tournament Champions (VRC/VEXU/VAIRC)
9784A,2026-02-08,Ladue Middle School V5RC HIGH SCHOOL ONLY Tournament; St. Louis: VEX V5 Robotics Competition HIGH SCHOOL ONLY TOURNAMENT,61892,Innovate Award (VRC/VEXU/VAIRC)
9784A,2026-02-21,"Southern Iowa VEX V5 MS/HS Tournament; Centerville, IA: VEX V5 Robotics Competition",60459,Excellence Award (VRC/VEXU/VAIRC)
9784A,2026-02-21,"Southern Iowa VEX V5 MS/HS Tournament; Centerville, IA: VEX V5 Robotics Competition",60459,Tournament Champions (VRC/VEXU/VAIRC)
9784A,2026-02-21,"Southern Iowa VEX V5 MS/HS Tournament; Centerville, IA: VEX V5 Robotics Competition",60459,Robot Skills Champion (VRC/VEXU/VAIRC)
9784A,2026-03-06,2026 Missouri V5RC High School State Championship: VEX V5 Robotics Competition,62883,Tournament Champions (VRC/VEXU/VAIRC)
10102Z,2025-12-20,Framingham VEX V5 Competition HS Push Back December Tournament,60074,Tournament Champions (VRC/VEXU/VAIRC)
10102Z,2026-03-07,Massachusetts VEX V5 High School State Championship,63086,Tournament Semifinalists (VRC/VEXU/VAIRC)
10102Z,2026-03-07,Massachusetts VEX V5 High School State Championship,63086,Robot Skills Champion (VRC/VEXU/VAIRC)
11101K,2025-10-25,Bay Area VEX V5 Push Back Tournament #2,61472,Tournament Champions (VRC/VEXU/VAIRC)
11101K,2026-01-09,Ignite the Northwest V5RC Signature Event,60147,Judges Award (VRC/VEXU/VAIC/ADC/VAIRC)
11101K,2026-01-25,10th Annual Battle of the Bay VEX V5 Tournament: Battle of the Bay 2026 hosted by Gael Force Robotics,62404,Innovate Award (VRC/VEXU/VAIRC)
11101K,2026-03-07,"2026 California Region 2 VEX V5 High School Championship: 2025-2026 Season (Push Back), In-Person Judging, Physical Engineering Notebook",62460,Tournament Finalists (VRC/VEXU/VAIRC)
11101K,2026-03-07,"2026 California Region 2 VEX V5 High School Championship: 2025-2026 Season (Push Back), In-Person Judging, Physical Engineering Notebook",62460,Robot Skills Champion (VRC/VEXU/VAIRC)
11101K,2026-03-07,"2026 California Region 2 VEX V5 High School Championship: 2025-2026 Season (Push Back), In-Person Judging, Physical Engineering Notebook",62460,Amaze Award (VRC/VEXU/VAIRC)
11753A,2025-11-22,"Mepham VEX V5 Robotics Tournament at Brookside 25-26: Push Back: Bellmore-Merrick CHSD, Long Island, New York",61862,Innovate Award (VRC/VEXU/VAIRC)
11753A,2026-01-24,JFK VEX V5 Push Back Qualifier,60554,Tournament Finalists (VRC/VEXU/VAIRC)
11753A,2026-01-24,JFK VEX V5 Push Back Qualifier,60554,Innovate Award (VRC/VEXU/VAIRC)
11753A,2026-02-08,VCAT VEX V5 Tournament at Vaughn College,63410,Design Award (VRC/VEXU/VAIRC)
11753A,2026-02-21,C2C Robotics VEX V5 Push Back Qualifier: Hosted by C2C Robotics @ The Cradle of Aviation Museum,62907,Innovate Award (VRC/VEXU/VAIRC)
11753A,2026-03-14,2026 Southern New York State Championship - VEX V5 High School: Hosted by Kennedy Gaels @ Kennedy Catholic Preparatory School,62884,Tournament Finalists (VRC/VEXU/VAIRC)
11753A,2026-03-14,2026 Southern New York State Championship - VEX V5 High School: Hosted by Kennedy Gaels @ Kennedy Catholic Preparatory School,62884,Design Award (VRC/VEXU/VAIRC)
12914X,2025-10-04,1x Robotics Presents: Meta in the Making at PWC Fairgrounds: VEX V5 Robotics Competition 2025-2026: Push Back - Blended HS/MS Qualifier,60755,Robot Skills 2nd Place (VRC/VEXU/VAIRC)
12914X,2025-10-11,Capital Beltway Opener: VEX V5 Robotics Competition - Blended,61362,Tournament Champions (VRC/VEXU/VAIRC)
12914X,2025-10-25,Bruin in the Den VEX V5 Robotics Competition: | Forest Park Blended Tournament,59935,Robot Skills Champion (VRC/VEXU/VAIRC)
12914X,2025-10-25,Bruin in the Den VEX V5 Robotics Competition: | Forest Park Blended Tournament,59935,Design Award (VRC/VEXU/VAIRC)
12914X,2025-12-07,Route 1 Rumble at Potomac High School,60790,Tournament Champions (VRC/VEXU/VAIRC)
12914X,2025-12-07,Route 1 Rumble at Potomac High School,60790,Robot Skills Champion (VRC/VEXU/VAIRC)
12914X,2025-12-13,Battle of the Bridge VEX V5 Robotics Competition - High School,60183,Tournament Champions (VRC/VEXU/VAIRC)
12914X,2025-12-13,Battle of the Bridge VEX V5 Robotics Competition - High School,60183,Robot Skills Champion (VRC/VEXU/VAIRC)
12914X,2026-01-10,10Jan VEX V5 Robotics Competition Push Back at Glen Allen High: (MS/HS),62383,Tournament Champions (VRC/VEXU/VAIRC)
12914X,2026-01-17,Potomac School Winter Classic VEX V5 Robotics Competition: (Blended MS/HS),60443,Tournament Champions (VRC/VEXU/VAIRC)
12914X,2026-01-23,Kalahari Classic V5RC HIGH SCHOOL Signature Event: High School - WORLDS QUALIFYING DIVISION,60166,Amaze Award (VRC/VEXU/VAIRC)
12914X,2026-01-23,Kalahari Classic V5RC HIGH SCHOOL Signature Event: High School - WORLDS QUALIFYING DIVISION,60166,Tournament Finalists (VRC/VEXU/VAIRC)
12914X,2026-02-07,1x Robotics Presents: Meta Broken at PWC Fairgrounds: VEX V5 Competition 2025-2026: Push Back - High School Qualifier,60759,Robot Skills 2nd Place (VRC/VEXU/VAIRC)
12914X,2026-02-21,21Feb VEX V5 Robotics Competition Push Back at Huguenot High: (MS/HS),62429,Tournament Champions (VRC/VEXU/VAIRC)
12914X,2026-02-21,21Feb VEX V5 Robotics Competition Push Back at Huguenot High: (MS/HS),62429,Robot Skills Champion (VRC/VEXU/VAIRC)
12914X,2026-02-22,February Route 1 Rumble at Potomac High School,61206,Robot Skills Champion (VRC/VEXU/VAIRC)
13722A,2025-10-18,ROBOTICON Rumble 2025: Push Back in Tampa - VEX V5 Robotics - MS&HS,61762,Tournament Finalists (VRC/VEXU/VAIRC)
13722A,2025-10-18,ROBOTICON Rumble 2025: Push Back in Tampa - VEX V5 Robotics - MS&HS,61762,Build Award (VRC/VEXU/VAIRC)
13722A,2025-11-08,Eagles Push Back - VEX V5 Robotics Competition: Middle School & High School teams,61563,Innovate Award (VRC/VEXU/VAIRC)
13722A,2026-01-03,Ram Robotics Push Back Challenge: VEX V5 Robotics Competition High School/Middle School Tournament,60551,Robot Skills Champion (VRC/VEXU/VAIRC)
13722A,2026-01-03,Ram Robotics Push Back Challenge: VEX V5 Robotics Competition High School/Middle School Tournament,60551,Design Award (VRC/VEXU/VAIRC)
13722A,2026-01-31,5th Annual Knights Gambit V5RC-Push Back (Middle & High School): NeoCity Academy,60115,Tournament Champions (VRC/VEXU/VAIRC)
13722A,2026-01-31,5th Annual Knights Gambit V5RC-Push Back (Middle & High School): NeoCity Academy,60115,Innovate Award (VRC/VEXU/VAIRC)
13722A,2026-02-15,2026 North/Central Florida High School Event Region Championship: VEX V5 Robotics Competition,61242,Excellence Award (VRC/VEXU/VAIRC)
14895D,2025-12-18,CA BOCES Invitational Tournament,62654,Tournament Finalists (VRC/VEXU/VAIRC)
14895D,2025-12-18,CA BOCES Invitational Tournament,62654,Design Award (VRC/VEXU/VAIRC)
14895D,2026-01-31,NFHS Wolverine Robotics VEX V5  Push Back: Inaugural Event,62828,Design Award (VRC/VEXU/VAIRC)
14895D,2026-02-12,CA BOCES Invitational Tournament,62978,Design Award (VRC/VEXU/VAIRC)
14895D,2026-03-04,Northern NY State VEX V5 Blended Push Back Championship,60083,Design Award (VRC/VEXU/VAIRC)
16099B,2025-11-15,Calhoun Colts VEX V5  Push Back Robotics Competition: Joseph Andreano 1st Annual Robotics Competition,60363,Innovate Award (VRC/VEXU/VAIRC)
17280A,2025-12-08,V5RC | Push Back | Kinsale Regional | (HS): Organised by Kinsale,60170,Tournament Champions (VRC/VEXU/VAIRC)
17280A,2026-01-13,V5RC | Push Back | Cork Regional | (HS): Organised by Dell at MTU Nexus Hall,62581,Robot Skills Champion (VRC/VEXU/VAIRC)
17280A,2026-01-13,V5RC | Push Back | Cork Regional | (HS): Organised by Dell at MTU Nexus Hall,62581,Judges Award (VRC/VEXU/VAIC/ADC/VAIRC)
18908H,2025-11-24,Space City VEX V5 Robotics Competition Signature Event HS: High School,60209,Judges Award (VRC/VEXU/VAIC/ADC/VAIRC)
18908H,2026-02-07,RECF - VEX UIL Texas State Championship 4A: VEX V5 Robotics Competition,62337,Tournament Quarterfinalists (VRC/VEXU/VAIRC)
18908H,2026-03-07,2026 Texas Region 6 VRC Regional State Championship: VEX V5 Robotics Competition Push Back Blended VRC,61770,Innovate Award (VRC/VEXU/VAIRC)
20132B,2025-10-04,The Autumn Circuit,61557,Tournament Champions (VRC/VEXU/VAIRC)
20132B,2025-10-04,The Autumn Circuit,61557,Robot Skills Champion (VRC/VEXU/VAIRC)
20132B,2025-10-04,The Autumn Circuit,61557,Think Award (VRC/VEXU/VAIRC)
20132B,2025-11-15,Cougar Clash 2025: VEX V5 Robotics Competition : Push Back,61938,Excellence Award (VRC/VEXU/VAIRC)
20132B,2025-11-15,Cougar Clash 2025: VEX V5 Robotics Competition : Push Back,61938,Tournament Champions (VRC/VEXU/VAIRC)
20132B,2025-11-15,Cougar Clash 2025: VEX V5 Robotics Competition : Push Back,61938,Robot Skills Champion (VRC/VEXU/VAIRC)
20132B,2025-12-06,The IRON Cal Classic,62083,Tournament Champions (VRC/VEXU/VAIRC)
20132B,2025-12-06,The IRON Cal Classic,62083,Robot Skills Champion (VRC/VEXU/VAIRC)
20132B,2025-12-06,The IRON Cal Classic,62083,Excellence Award (VRC/VEXU/VAIRC)
20132B,2026-03-07,2026 California Region 1 VEX V5 Championship,63932,Tournament Champions (VRC/VEXU/VAIRC)
20132B,2026-03-07,2026 California Region 1 VEX V5 Championship,63932,Think Award (VRC/VEXU/VAIRC)
22532V,2026-01-03,ISTANBUL VEX V5 EUROPEAN OPEN EVENT,62780,Excellence Award (VRC/VEXU/VAIRC)
22532V,2026-01-03,ISTANBUL VEX V5 EUROPEAN OPEN EVENT,62780,Tournament Finalists (VRC/VEXU/VAIRC)
22532V,2026-02-28,VEX V5 Robotics Competition Turkiye Championship,64020,Design Award (VRC/VEXU/VAIRC)
22532V,2026-04-12,2026 VEX V5RC Baykar Fen Lisesi Scrimmage,64177,Tournament Champions (VRC/VEXU/VAIRC)
26455A,2026-01-19,RPI 2026 VEX V5 Robotics Competition: Push Back Qualifying Tournament,62851,Design Award (VRC/VEXU/VAIRC)
26455A,2026-02-07,Adirondack VEX V5 Push Back Qualifier,63124,Robot Skills Champion (VRC/VEXU/VAIRC)
26455A,2026-02-07,Adirondack VEX V5 Push Back Qualifier,63124,Innovate Award (VRC/VEXU/VAIRC)
26455A,2026-03-04,Northern NY State VEX V5 Blended Push Back Championship,60083,Robot Skills 2nd Place (VRC/VEXU/VAIRC)
26455A,2026-03-04,Northern NY State VEX V5 Blended Push Back Championship,60083,Innovate Award (VRC/VEXU/VAIRC)
29204B,2025-11-20,City of Oxford V5 Robotics Competition: MS and HS Teams,61207,Excellence Award - High School (VRC/VAIRC)
32092G,2025-09-26,Great Planes Signature Event: High School VEX V5 Robotics Competition,59933,Tournament Champions (VRC/VEXU/VAIRC)
32092G,2025-09-26,Great Planes Signature Event: High School VEX V5 Robotics Competition,59933,Robot Skills 2nd Place (VRC/VEXU/VAIRC)
32092G,2025-09-26,Great Planes Signature Event: High School VEX V5 Robotics Competition,59933,Design Award (VRC/VEXU/VAIRC)
32092G,2025-10-07,Butter Nexus League IV: VEX V5 Robotics Competition 2025-2026: Push Back The Rechurning  HS only,61864,Excellence Award (VRC/VEXU/VAIRC)
32092G,2025-10-07,Butter Nexus League IV: VEX V5 Robotics Competition 2025-2026: Push Back The Rechurning  HS only,61864,Tournament Champions (VRC/VEXU/VAIRC)
32092G,2025-10-07,Butter Nexus League IV: VEX V5 Robotics Competition 2025-2026: Push Back The Rechurning  HS only,61864,Robot Skills Champion (VRC/VEXU/VAIRC)
32092G,2025-10-25,2025-2026 Push Back SVVSD Erie High School,61573,Robot Skills Champion (VRC/VEXU/VAIRC)
32092G,2025-10-25,2025-2026 Push Back SVVSD Erie High School,61573,Innovate Award (VRC/VEXU/VAIRC)
32092G,2026-02-07,"Berthoud Robotics Push-Back Tournament: VRC, HS, In Person Competition",62584,Tournament Champions (VRC/VEXU/VAIRC)
32092G,2026-02-07,"Berthoud Robotics Push-Back Tournament: VRC, HS, In Person Competition",62584,Robot Skills Champion (VRC/VEXU/VAIRC)
32092G,2026-02-07,"Berthoud Robotics Push-Back Tournament: VRC, HS, In Person Competition",62584,Design Award (VRC/VEXU/VAIRC)
32092G,2026-03-06,"2026 Colorado V5RC High School State Championships: Hosted by Erie High School, The Innovation Center of St. Vrain & St. Vrain Valley Schools",63341,Excellence Award (VRC/VEXU/VAIRC)
32092G,2026-03-06,"2026 Colorado V5RC High School State Championships: Hosted by Erie High School, The Innovation Center of St. Vrain & St. Vrain Valley Schools",63341,Tournament Finalists (VRC/VEXU/VAIRC)
32092G,2026-03-06,"2026 Colorado V5RC High School State Championships: Hosted by Erie High School, The Innovation Center of St. Vrain & St. Vrain Valley Schools",63341,Robot Skills Champion (VRC/VEXU/VAIRC)
34001B,2025-11-22,VEX ROBOTICS COMPETITION ISTANBUL TURNUVASI,63455,Tournament Champions (VRC/VEXU/VAIRC)
34001B,2025-11-22,VEX ROBOTICS COMPETITION ISTANBUL TURNUVASI,63455,Robot Skills 2nd Place (VRC/VEXU/VAIRC)
34001B,2025-12-27,VEX V5 Robotics Competition Darıca,63907,Tournament Champions (VRC/VEXU/VAIRC)
34001B,2026-02-28,VEX V5 Robotics Competition Turkiye Championship,64020,Tournament Champions (VRC/VEXU/VAIRC)
34001B,2026-04-12,2026 VEX V5RC Baykar Fen Lisesi Scrimmage,64177,Tournament Champions (VRC/VEXU/VAIRC)
36930X,2026-01-06,2025世界机器人大赛总决赛(V5RC-HS): VEX系列赛项,63873,Design Award (VRC/VEXU/VAIRC)
39792E,2025-11-08,Miami Coral Park VEX V5 Robotics Competition Regional Qualifier: Middle School & High School teams,61986,Innovate Award (VRC/VEXU/VAIRC)
39792E,2025-12-13,Jingle Bots V5RC Qualifier for SFL Regionals: High School/Middle School Tournament,60098,Excellence Award - High School (VRC/VAIRC)
39792E,2026-01-24,2nd Annual VEX V5 Robotics Tournament Tournament of the Titans: Blended MS&HS,61686,Tournament Champions (VRC/VEXU/VAIRC)
39792E,2026-01-24,2nd Annual VEX V5 Robotics Tournament Tournament of the Titans: Blended MS&HS,61686,Innovate Award (VRC/VEXU/VAIRC)
43141Z,2025-10-18,"6th Annual Mountain Pointe Tournament & Expo Spooktakular: VEX V5 Robotics Competition, HS Only, All In Person Judging",59955,Tournament Champions (VRC/VEXU/VAIRC)
43141Z,2025-10-22,"GPS League Invitation Only: Invitational, VEX V5 Robotics Competition, Blended HS/MS, No Judging",62150,Tournament Champions (VRC/VEXU/VAIRC)
43141Z,2025-10-22,"GPS League Invitation Only: Invitational, VEX V5 Robotics Competition, Blended HS/MS, No Judging",62150,Robot Skills Champion (VRC/VEXU/VAIRC)
43141Z,2026-01-17,"UAT Push Back Bash: VEX V5 Robotics Competition, High School Only, In Person Judging",62872,Tournament Champions (VRC/VEXU/VAIRC)
43141Z,2026-01-17,"UAT Push Back Bash: VEX V5 Robotics Competition, High School Only, In Person Judging",62872,Design Award (VRC/VEXU/VAIRC)
44077T,2025-11-15,V5RC TH Push Back Central Regional Qualifier 25-26: Blended - Hosted by Panyapiwat Institute of Management (PIM),60588,Excellence Award - High School (VRC/VAIRC)
44077T,2025-11-15,V5RC TH Push Back Central Regional Qualifier 25-26: Blended - Hosted by Panyapiwat Institute of Management (PIM),60588,Robot Skills Champion (VRC/VEXU/VAIRC)
44077T,2026-01-15,V5RC Push Back TH National Championship 25-26 - HS: High School - Hosted by Panyapiwat Institute of Management (PIM),60590,Tournament Finalists (VRC/VEXU/VAIRC)
44077T,2026-01-15,V5RC Push Back TH National Championship 25-26 - HS: High School - Hosted by Panyapiwat Institute of Management (PIM),60590,Robot Skills Champion (VRC/VEXU/VAIRC)
44077T,2026-01-15,V5RC Push Back TH National Championship 25-26 - HS: High School - Hosted by Panyapiwat Institute of Management (PIM),60590,Amaze Award (VRC/VEXU/VAIRC)
46366A,2026-01-08,1st Annual HNAC Invitational League VEX V5 Robotics Competition: Push Back Middle and High School Teams,63626,Robot Skills Champion (VRC/VEXU/VAIRC)
51548B,2025-11-08,VEX V5 Robotics Competition- BACK in Action with Bulldog Bytes: High School and Middle School Teams Welcome,61324,Tournament Champions (VRC/VEXU/VAIRC)
51548B,2025-11-22,VEX V5 Robotics Competition @ FHS: Middle and High School Teams-RoboDawgs Thanksgiving,60477,Judges Award (VRC/VEXU/VAIC/ADC/VAIRC)
51548B,2026-02-07,VEX V5 Robotics Competition Bulldog Bytes Last Chance Tournament: Push Back Tournament--High School and Middle Schools Invitational,61325,Tournament Finalists (VRC/VEXU/VAIRC)
51548B,2026-02-07,VEX V5 Robotics Competition Bulldog Bytes Last Chance Tournament: Push Back Tournament--High School and Middle Schools Invitational,61325,Innovate Award (VRC/VEXU/VAIRC)
51548B,2026-02-26,2026 Louisiana High School VEX V5 Robotics State Championship: High School Teams Only,63163,Think Award (VRC/VEXU/VAIRC)
54001A,2025-07-17,第一届“明德启智杯”2025-2026 VEX机器人邀请赛: V5RC高中组,60374,Tournament Semifinalists (VRC/VEXU/VAIRC)
54001A,2025-07-17,第一届“明德启智杯”2025-2026 VEX机器人邀请赛: V5RC高中组,60374,Robot Skills 2nd Place (VRC/VEXU/VAIRC)
54001A,2025-07-26,2025-2026VEX机器人亚洲公开赛西安城市赛V5RC,60699,Tournament Semifinalists (VRC/VEXU/VAIRC)
54001A,2025-11-14,2025年第十六届VEX亚洲机器人锦标赛中国选拔赛中西区赛-VEX V5 HS,63772,Tournament Finalists (VRC/VEXU/VAIRC)
54001A,2025-11-14,2025年第十六届VEX亚洲机器人锦标赛中国选拔赛中西区赛-VEX V5 HS,63772,Robot Skills Champion (VRC/VEXU/VAIRC)
54001A,2025-11-14,2025年第十六届VEX亚洲机器人锦标赛中国选拔赛中西区赛-VEX V5 HS,63772,Think Award (VRC/VEXU/VAIRC)
54001A,2025-12-04,2025第十六届VEX亚洲机器人锦标赛中国选拔赛--VEX V5 HS,63726,Judges Award (VRC/VEXU/VAIC/ADC/VAIRC)
56448A,2026-01-23,UWA & KSR VEX V5 Robotics Competition MS/HS January Tournament: by UWA Black Belt Stem Institute & KSR @ Sumter Central HS,63490,Tournament Champions (VRC/VEXU/VAIRC)
56448A,2026-01-23,UWA & KSR VEX V5 Robotics Competition MS/HS January Tournament: by UWA Black Belt Stem Institute & KSR @ Sumter Central HS,63490,Robot Skills Champion (VRC/VEXU/VAIRC)
56448A,2026-01-23,UWA & KSR VEX V5 Robotics Competition MS/HS January Tournament: by UWA Black Belt Stem Institute & KSR @ Sumter Central HS,63490,Excellence Award (VRC/VEXU/VAIRC)
59735X,2025-12-14,Wolverine Robotics Rumble MS/HS V5: Blended VEX V5 Robotics Competition Open,63224,Design Award (VRC/VEXU/VAIRC)
59735X,2025-12-14,Wolverine Robotics Rumble MS/HS V5: Blended VEX V5 Robotics Competition Open,63224,Tournament Finalists (VRC/VEXU/VAIRC)
59735X,2026-01-17,"Cobra Skills Challenge: VEX V5 Robotics Competition - Blended, Skills Only",63210,Robot Skills Champion (VRC/VEXU/VAIRC)
59735X,2026-02-08,West Cabarrus Robo Challenge Invitational: MS/HS V5: Blended VEX V5 Robotics Competition Invitational,63225,Tournament Champions (VRC/VEXU/VAIRC)
59735X,2026-02-08,West Cabarrus Robo Challenge Invitational: MS/HS V5: Blended VEX V5 Robotics Competition Invitational,63225,Robot Skills Champion (VRC/VEXU/VAIRC)
59735X,2026-02-08,West Cabarrus Robo Challenge Invitational: MS/HS V5: Blended VEX V5 Robotics Competition Invitational,63225,Design Award (VRC/VEXU/VAIRC)
59735X,2026-02-28,North Carolina HS VEX V5 Robotics State Championship: High School,63791,Excellence Award (VRC/VEXU/VAIRC)
62629K,2025-11-01,John Marshall High School Push Back Qualifier: VEX V5 Robotics Competition - Blended,60804,Tournament Finalists (VRC/VEXU/VAIRC)
62629K,2025-11-08,OHIO Valley Vex Tournament at Brooke County Schools: Push Back Qualifier VEX V5 Robotics Competition - Blended,61854,Create Award (VRC/VEXU/VAIRC)
62629K,2025-11-08,OHIO Valley Vex Tournament at Brooke County Schools: Push Back Qualifier VEX V5 Robotics Competition - Blended,61854,Tournament Finalists (VRC/VEXU/VAIRC)
62629K,2026-01-10,WVU Mountaineer 2026 VEX V5 Robotics Competition - High School,62273,Tournament Finalists (VRC/VEXU/VAIRC)
62629K,2026-01-17,Push Back at The Palace on the Hill: Wheeling Park High School - Blended Qualifier,60446,Tournament Champions (VRC/VEXU/VAIRC)
62629K,2026-01-17,Push Back at The Palace on the Hill: Wheeling Park High School - Blended Qualifier,60446,Sportsmanship Award (VRC/VEXU/VAIRC)
64040B,2025-12-06,Bears Robotics VEX V5 Push Back Qualifying Tournament I,63015,Excellence Award (VRC/VEXU/VAIRC)
64040B,2025-12-06,Bears Robotics VEX V5 Push Back Qualifying Tournament I,63015,Tournament Champions (VRC/VEXU/VAIRC)
64040B,2026-01-17,Timberwolf Turmoil,60601,Tournament Finalists (VRC/VEXU/VAIRC)
64040B,2026-01-17,Timberwolf Turmoil,60601,Design Award (VRC/VEXU/VAIRC)
64040B,2026-01-19,RPI 2026 VEX V5 Robotics Competition: Push Back Qualifying Tournament,62851,Tournament Finalists (VRC/VEXU/VAIRC)
64040B,2026-01-19,RPI 2026 VEX V5 Robotics Competition: Push Back Qualifying Tournament,62851,Create Award (VRC/VEXU/VAIRC)
64040B,2026-01-30,Bears Robotics Friday Night Fever Push Back Qualifying Tournament,63104,Excellence Award (VRC/VEXU/VAIRC)
64040B,2026-01-30,Bears Robotics Friday Night Fever Push Back Qualifying Tournament,63104,Tournament Champions (VRC/VEXU/VAIRC)
64040B,2026-01-30,Bears Robotics Friday Night Fever Push Back Qualifying Tournament,63104,Robot Skills Champion (VRC/VEXU/VAIRC)
64040B,2026-02-07,Adirondack VEX V5 Push Back Qualifier,63124,Design Award (VRC/VEXU/VAIRC)
64040B,2026-03-04,Northern NY State VEX V5 Blended Push Back Championship,60083,Excellence Award - High School (VRC/VAIRC)
66954A,2025-10-18,ROBOTICON Rumble 2025: Push Back in Tampa - VEX V5 Robotics - MS&HS,61762,Create Award (VRC/VEXU/VAIRC)
66954A,2025-12-13,White Knights a Holiday Affair Push Back at NeoCity Academy: VEX V5 Robotics Competition (Middle & High School),60111,Innovate Award (VRC/VEXU/VAIRC)
66954A,2026-01-03,Ram Robotics Push Back Challenge: VEX V5 Robotics Competition High School/Middle School Tournament,60551,Innovate Award (VRC/VEXU/VAIRC)
66954A,2026-01-17,Winter Push Back in the APK (Middle School & High School): VEX V5 Robotics Competition Hosted by AHS Robotics,63072,Innovate Award (VRC/VEXU/VAIRC)
66954A,2026-01-24,Welcome To The Wolves Den - VEX V5 Robotics Competition: Middle & High School Teams,61924,Tournament Champions (VRC/VEXU/VAIRC)
66954A,2026-01-31,Tallahassee @FAMU Push Back VEX V5 Robotics Competition: Middle and High School Teams,62876,Excellence Award (VRC/VEXU/VAIRC)
66954A,2026-02-15,2026 North/Central Florida High School Event Region Championship: VEX V5 Robotics Competition,61242,Innovate Award (VRC/VEXU/VAIRC)
66954A,2026-03-16,2026 CREATE U.S. Open Robotics Tournament- V5RC High School: VEX V5 Robotics Competition HIGH SCHOOL,60346,Innovate Award (VRC/VEXU/VAIRC)
69580A,2025-11-01,Southeast New Mexico V5RC Push Back Robotics Challenge: JROTC New Mexico Military Institute Tournament,62172,Tournament Champions (VRC/VEXU/VAIRC)
69580A,2025-11-01,Southeast New Mexico V5RC Push Back Robotics Challenge: JROTC New Mexico Military Institute Tournament,62172,Robot Skills Champion (VRC/VEXU/VAIRC)
69580A,2025-11-01,Southeast New Mexico V5RC Push Back Robotics Challenge: JROTC New Mexico Military Institute Tournament,62172,Build Award (VRC/VEXU/VAIRC)
69580A,2025-12-13,Jefferson-Truman V5RC Push Back Tournament: VEX V5 Robotics Blended High School and Middle School,61967,Tournament Champions (VRC/VEXU/VAIRC)
69580A,2026-02-20,New Mexico Military Institute Robotics Challenge: VEX V5 Robotics Competition 2025-2026: Push Back,64094,Tournament Champions (VRC/VEXU/VAIRC)
69580A,2026-02-20,New Mexico Military Institute Robotics Challenge: VEX V5 Robotics Competition 2025-2026: Push Back,64094,Robot Skills Champion (VRC/VEXU/VAIRC)
69580A,2026-03-13,"2026 New Mexico State Championship, High School: VEX V5 Robotics Competition 2025-2026: Push Back",63552,Excellence Award (VRC/VEXU/VAIRC)
69580A,2026-03-13,"2026 New Mexico State Championship, High School: VEX V5 Robotics Competition 2025-2026: Push Back",63552,Tournament Champions (VRC/VEXU/VAIRC)
71909X,2025-11-08,VEX V5 Robotics Competition- BACK in Action with Bulldog Bytes: High School and Middle School Teams Welcome,61324,Tournament Finalists (VRC/VEXU/VAIRC)
71909X,2025-12-06,VEX V5 Robotics Tournament-  Merry VEXmas: MS/HS Teams Online- Hosted by Barbe High,61610,Tournament Champions (VRC/VEXU/VAIRC)
71909X,2025-12-13,VEX V5 Robotics Competition – LeBlanc MS Holly Jolly Tournament: Middle and High School Teams-Ugly Sweaters and Holiday Cheer Encouraged,61086,Tournament Champions (VRC/VEXU/VAIRC)
71909X,2025-12-13,VEX V5 Robotics Competition – LeBlanc MS Holly Jolly Tournament: Middle and High School Teams-Ugly Sweaters and Holiday Cheer Encouraged,61086,Robot Skills Champion (VRC/VEXU/VAIRC)
71909X,2026-02-07,VEX V5 Robotics Competition Bulldog Bytes Last Chance Tournament: Push Back Tournament--High School and Middle Schools Invitational,61325,Tournament Champions (VRC/VEXU/VAIRC)
71909X,2026-02-07,VEX V5 Robotics Competition Bulldog Bytes Last Chance Tournament: Push Back Tournament--High School and Middle Schools Invitational,61325,Robot Skills Champion (VRC/VEXU/VAIRC)
78634E,2025-12-06,Hutto High School December Push Back: VEX V5 Robotics Competition 2025-2026: Push Back,63701,Tournament Champions (VRC/VEXU/VAIRC)
78634E,2025-12-06,Hutto High School December Push Back: VEX V5 Robotics Competition 2025-2026: Push Back,63701,Robot Skills 2nd Place (VRC/VEXU/VAIRC)
78634E,2026-01-10,Hutto High School Winter Tournament: VEX V5 Robotics Competition 2025-2026: Push Back,63702,Tournament Finalists (VRC/VEXU/VAIRC)
78634E,2026-01-10,Hutto High School Winter Tournament: VEX V5 Robotics Competition 2025-2026: Push Back,63702,Robot Skills Champion (VRC/VEXU/VAIRC)
78634E,2026-02-05,RECF - VEX UIL Texas State Championship 6A: VEX V5 Robotics Competition,62335,Tournament Semifinalists (VRC/VEXU/VAIRC)
78634E,2026-02-05,RECF - VEX UIL Texas State Championship 6A: VEX V5 Robotics Competition,62335,Robot Skills 2nd Place (VRC/VEXU/VAIRC)
78634E,2026-02-07,Push Back at Lake Belton High School,63736,Tournament Champions (VRC/VEXU/VAIRC)
78634E,2026-02-07,Push Back at Lake Belton High School,63736,Robot Skills Champion (VRC/VEXU/VAIRC)
78634E,2026-02-14,Push Back @ Bowie High School: VEX V5 Robotics Competition 2025-2026: Push Back,63788,Excellence Award (VRC/VEXU/VAIRC)
80080X,2025-11-08,"Mechanical Mania at ACP: Blended Qualifier: VEX V5 Robotics Competition, Blended HS/MS, All In-Person Judging",62088,Tournament Champions (VRC/VEXU/VAIRC)
80080X,2025-11-08,"Mechanical Mania at ACP: Blended Qualifier: VEX V5 Robotics Competition, Blended HS/MS, All In-Person Judging",62088,Design Award (VRC/VEXU/VAIRC)
80080X,2025-12-13,"RoboBucs Winter Rumble #4: VEX V5 Robotics Competition, Blended HS/MS, All In Person Judging - Digital Notebooks",59914,Design Award (VRC/VEXU/VAIRC)
80080X,2026-01-17,"UAT Push Back Bash: VEX V5 Robotics Competition, High School Only, In Person Judging",62872,Excellence Award (VRC/VEXU/VAIRC)
80080X,2026-01-17,"UAT Push Back Bash: VEX V5 Robotics Competition, High School Only, In Person Judging",62872,Tournament Champions (VRC/VEXU/VAIRC)
80080X,2026-01-17,"UAT Push Back Bash: VEX V5 Robotics Competition, High School Only, In Person Judging",62872,Robot Skills Champion (VRC/VEXU/VAIRC)
80080X,2026-02-14,"26 Desert Ridge High School Senior Recognition High School Only: VEX V5 Robotics Competition, HS Only, Remote Notebooks",60273,Excellence Award (VRC/VEXU/VAIRC)
80080X,2026-02-14,"26 Desert Ridge High School Senior Recognition High School Only: VEX V5 Robotics Competition, HS Only, Remote Notebooks",60273,Tournament Champions (VRC/VEXU/VAIRC)
80080X,2026-02-14,"26 Desert Ridge High School Senior Recognition High School Only: VEX V5 Robotics Competition, HS Only, Remote Notebooks",60273,Robot Skills Champion (VRC/VEXU/VAIRC)
80080X,2026-03-06,2026 AIA Arizona VEX V5 Robotics Competition: High School State Championship,62151,Innovate Award (VRC/VEXU/VAIRC)
81988B,2025-08-14,2025长三角VEX机器人精英赛-HS,60835,Tournament Finalists (VRC/VEXU/VAIRC)
81988B,2025-08-14,2025长三角VEX机器人精英赛-HS,60835,Robot Skills Champion (VRC/VEXU/VAIRC)
81988B,2026-02-01,科创青禾2025-2026全国VEX机器人精英赛 V5RC-HS,60839,Robot Skills Champion (VRC/VEXU/VAIRC)
81988B,2026-03-27,尚德杯VEX挑战赛 V5RC: 2025尚德科创中心课程展（工程季）,64164,Tournament Semifinalists (VRC/VEXU/VAIRC)
84443F,2025-11-12,Whitehall VEX V5 Robotics Competition Push Back: Blended V5RC MS/HS,61389,Tournament Finalists (VRC/VEXU/VAIRC)
84443F,2025-11-12,Whitehall VEX V5 Robotics Competition Push Back: Blended V5RC MS/HS,61389,Design Award (VRC/VEXU/VAIRC)
84443F,2025-11-20,2025-26 VEX V5 Warrior Robotics League: High School Robotics League,61143,Tournament Champions (VRC/VEXU/VAIRC)
84443F,2025-11-20,2025-26 VEX V5 Warrior Robotics League: High School Robotics League,61143,Robot Skills Champion (VRC/VEXU/VAIRC)
84443F,2025-12-13,5th Annual Warrior Robotics V5 Tournament: VEX V5 Robotics Competition Blended MS/HS,61145,Excellence Award (VRC/VEXU/VAIRC)
84443F,2026-01-10,SMC Western Wisconsin VEX V5 Robotics Competition: Blended MS/HS,59911,Tournament Finalists (VRC/VEXU/VAIRC)
84443F,2026-01-10,SMC Western Wisconsin VEX V5 Robotics Competition: Blended MS/HS,59911,Innovate Award (VRC/VEXU/VAIRC)
84443F,2026-01-31,DevilBots Brawl: UW-Stout Vex V5 Robotics Competition - HS Only,62841,Judges Award (VRC/VEXU/VAIC/ADC/VAIRC)
87867C,2025-11-15,Wylie High School VEX Robotics Push Back Tournament: High School Only,61537,Create Award (VRC/VEXU/VAIRC)
87867C,2025-12-06,Southlake Carroll December Push Back Tournament: V5RC 2025-2026: Push Back HS,61604,Build Award (VRC/VEXU/VAIRC)
87867C,2026-01-31,Wylie High School VEX Robotics Push Back Tournament Pt.2: High School Only,62318,Tournament Finalists (VRC/VEXU/VAIRC)
87867C,2026-01-31,Wylie High School VEX Robotics Push Back Tournament Pt.2: High School Only,62318,Robot Skills Champion (VRC/VEXU/VAIRC)
87867C,2026-01-31,Wylie High School VEX Robotics Push Back Tournament Pt.2: High School Only,62318,Create Award (VRC/VEXU/VAIRC)
87867C,2026-02-27,2026 Texas Region 5 High School V5 Robotics State Championship: V5RC 2025-2026: Push Back HS,63167,Amaze Award (VRC/VEXU/VAIRC)
91142A,2025-12-20,Mahoning Valley VEX V5 Invitational: Open to all members of the Mahoning Valley VEX League,62240,Innovate Award (VRC/VEXU/VAIRC)
91142A,2026-03-06,2026 Ohio V5RC HS Robotics State Championship: V5RC  High School Division,61933,Sportsmanship Award (VRC/VEXU/VAIRC)
95071V,2025-10-12,Saratoga VEX V5 Robotics Tournament #2,60113,Excellence Award - High School (VRC/VAIRC)
95071V,2025-10-12,Saratoga VEX V5 Robotics Tournament #2,60113,Robot Skills Champion (VRC/VEXU/VAIRC)
95071V,2026-01-18,CVCHS Ugly Robotics Push Back Tournament #2,63098,Tournament Champions (VRC/VEXU/VAIRC)
95071V,2026-01-18,CVCHS Ugly Robotics Push Back Tournament #2,63098,Amaze Award (VRC/VEXU/VAIRC)
95071V,2026-03-16,2026 CREATE U.S. Open Robotics Tournament- V5RC High School: VEX V5 Robotics Competition HIGH SCHOOL,60346,Tournament Champions (VRC/VEXU/VAIRC)
96789Z,2025-10-25,"Waianae High School  ""Halloween"" Tournament - HS/MS Blended: VEX V5 Robotics Competition Push Back",60675,Excellence Award (VRC/VEXU/VAIRC)
96789Z,2025-10-25,"Waianae High School  ""Halloween"" Tournament - HS/MS Blended: VEX V5 Robotics Competition Push Back",60675,Tournament Champions (VRC/VEXU/VAIRC)
96789Z,2025-10-25,"Waianae High School  ""Halloween"" Tournament - HS/MS Blended: VEX V5 Robotics Competition Push Back",60675,Robot Skills Champion (VRC/VEXU/VAIRC)
96789Z,2025-10-31,West Oahu 1: West Side VEX V5 Robotics Competition  MS/HS Competition #1,60950,Tournament Champions (VRC/VEXU/VAIRC)
96789Z,2025-10-31,West Oahu 1: West Side VEX V5 Robotics Competition  MS/HS Competition #1,60950,Robot Skills Champion (VRC/VEXU/VAIRC)
96789Z,2025-10-31,West Oahu 1: West Side VEX V5 Robotics Competition  MS/HS Competition #1,60950,Design Award (VRC/VEXU/VAIRC)
96789Z,2025-11-15,Pumpkin Spiced Push Back: Ewa Makai Middle School Push Back Hawaii Blended Tournament,62405,Excellence Award - High School (VRC/VAIRC)
96789Z,2025-11-15,Pumpkin Spiced Push Back: Ewa Makai Middle School Push Back Hawaii Blended Tournament,62405,Tournament Champions (VRC/VEXU/VAIRC)
96789Z,2025-11-15,Pumpkin Spiced Push Back: Ewa Makai Middle School Push Back Hawaii Blended Tournament,62405,Robot Skills Champion (VRC/VEXU/VAIRC)
96789Z,2025-11-22,Roosevelt JROTC Blended HS/MS V5RC Tournament: V5RC : Push Back Open to JROTC and Non-JROTC Teams,62038,Tournament Champions (VRC/VEXU/VAIRC)
96789Z,2025-11-22,Roosevelt JROTC Blended HS/MS V5RC Tournament: V5RC : Push Back Open to JROTC and Non-JROTC Teams,62038,Robot Skills Champion (VRC/VEXU/VAIRC)
96789Z,2025-11-22,Roosevelt JROTC Blended HS/MS V5RC Tournament: V5RC : Push Back Open to JROTC and Non-JROTC Teams,62038,Design Award (VRC/VEXU/VAIRC)
96789Z,2025-12-20,Merry VEXmas Kaiser Blended V5RC Tournament: VEX V5 Robotics Competition :Push Back,63025,Robot Skills Champion (VRC/VEXU/VAIRC)
96789Z,2025-12-20,Merry VEXmas Kaiser Blended V5RC Tournament: VEX V5 Robotics Competition :Push Back,63025,Design Award (VRC/VEXU/VAIRC)
96789Z,2026-01-03,East Oahu Kalani HS VEX V5 Robotics Competition Tournament: new years tourney,63065,Tournament Champions (VRC/VEXU/VAIRC)
96789Z,2026-01-03,East Oahu Kalani HS VEX V5 Robotics Competition Tournament: new years tourney,63065,Robot Skills Champion (VRC/VEXU/VAIRC)
96789Z,2026-01-09,West Oahu #2: West Side VEX V5 Robotics Competition  MS/HS Competition #2,61965,Tournament Champions (VRC/VEXU/VAIRC)
96789Z,2026-01-09,West Oahu #2: West Side VEX V5 Robotics Competition  MS/HS Competition #2,61965,Robot Skills Champion (VRC/VEXU/VAIRC)
96789Z,2026-02-13,Hawaii Regional Championship VEX V5 High School Division: VEX V5 Robotics Competition State Championship,62322,Robot Skills Champion (VRC/VEXU/VAIRC)
96789Z,2026-02-13,Hawaii Regional Championship VEX V5 High School Division: VEX V5 Robotics Competition State Championship,62322,Amaze Award (VRC/VEXU/VAIRC)
98115A,2025-11-14,2025年第十六届VEX亚洲机器人锦标赛中国选拔赛中西区赛-VEX V5 HS,63772,Build Award (VRC/VEXU/VAIRC)
98115A,2025-12-04,2025第十六届VEX亚洲机器人锦标赛中国选拔赛--VEX V5 HS,63726,Design Award (VRC/VEXU/VAIRC)
98601C,2025-11-15,Beach Brawl 11/15 VEX V5 Robotics Competition : Push Back: Beach Brawl @ McBride High School,61212,Innovate Award (VRC/VEXU/VAIRC)
98601C,2026-01-10,"Roundtable Robotics Challenge 2026 ""Push Back""",60654,Design Award (VRC/VEXU/VAIRC)
98601C,2026-01-25,JROTC National Championship @ The Kalahari Classic: VEX V5 Robotics Competition,60198,Innovate Award (VRC/VEXU/VAIRC)
99750A,2026-02-14,Storm Robotics HS Competition - Sauk Rapids - Push Back: VEX V5 Robotics Competition High School Only,63426,Tournament Champions (VRC/VEXU/VAIRC)
99750A,2026-02-14,Storm Robotics HS Competition - Sauk Rapids - Push Back: VEX V5 Robotics Competition High School Only,63426,Robot Skills Champion (VRC/VEXU/VAIRC)
99750A,2026-02-14,Storm Robotics HS Competition - Sauk Rapids - Push Back: VEX V5 Robotics Competition High School Only,63426,Amaze Award (VRC/VEXU/VAIRC)
