Team Number,Event Date,Event Name,Event ID,Rank,Wins,Losses,Ties,Matches,Winrate %,Playoff Depth
12Z,2025-11-15,7th Annual All Saints VEX V5 Robotics Competition Tournament,60494,6,5,1,0,6,83.3,F
12Z,2025-12-04,WAVE at WPI VEX V5 Robotics Competition Signature Event: High School,59994,68,3,6,0,9,33.3,Qual
12Z,2026-01-04,Sugar Rush VEX V5 Robotics Competition Signature Event: High School,59947,4,8,2,0,10,80.0,F
12Z,2026-01-17,Potomac School Winter Classic VEX V5 Robotics Competition: (Blended MS/HS),60443,13,4,2,0,6,66.7,F
12Z,2026-01-30,Gateway to the West VEX V5 Robotics Competition Signature Event: High School,60004,44,4,6,0,10,40.0,F
12Z,2026-02-07,1x Robotics Presents: Meta Broken at PWC Fairgrounds: VEX V5 Competition 2025-2026: Push Back - High School Qualifier,60759,14,4,2,0,6,66.7,F
12Z,2026-02-15,Prowl at the Potomac: VEX V5 Robotics Competition HS Tournament,59937,15,4,2,0,6,66.7,Champ
12Z,2026-02-28,[NEW LOCATION] 2026 OWL Firehouse Classic V5RC (Blended MS/HS): @ Beville Middle School,61425,2,6,0,0,6,100.0,Champ
12Z,2026-03-14,2026 Virginia VEX V5 Robotics Competition State Championship (HS),62982,1,8,0,0,8,100.0,Champ
81Z,2025-10-25,Firebird V5RC Push Back Qualifier: VEX V5 Robotics Competition Push Back,61836,26,1,6,0,7,14.3,F
81Z,2025-11-14,LAUNCH at EATON V5 Robotics Competition Signature Event: High School Signature Event,59915,49,1,8,0,9,11.1,Qual
81Z,2025-12-13,Vexmen Showdown Qualifier - High School: VEX V5 Robotics Competition Push Back,62837,7,6,1,0,7,85.7,F
81Z,2026-01-04,Sugar Rush VEX V5 Robotics Competition Signature Event: High School,59947,30,5,5,0,10,50.0,Qual
81Z,2026-01-24,New Hope-Solebury Robotics Qualifying Tournament (High School): VEX V5 Robotics Competition Push Back,60129,1,6,1,0,7,85.7,Champ
81Z,2026-02-07,VEX Push Back at Spring-Ford: VEX V5 Robotics Competition Push Back,60047,4,5,0,0,5,100.0,F
81Z,2026-02-21,Push Back Qualifier at Norristown - HS teams: VEX V5 Robotics Competition Push Back,62936,33,4,2,0,6,66.7,F
81Z,2026-03-01,[RESCHEDULED] Stoga Summit HS V5RC - Sunday March 1st: Conestoga HS VEX V5 Robotics High School Competition,60893,9,5,1,0,6,83.3,F
81Z,2026-03-14,Eastern PA Push Back State Championship - HS teams: VEX V5 Robotics Competition Push Back,62939,22,5,3,0,8,62.5,F
169X,2025-11-15,LMSD VEX V5: Push Back State Qualifier (HS): Hosted by Black Rock,60005,1,5,1,0,6,83.3,QF
169X,2025-12-06,Black Rock Open Middle / High School Blended Event: VEX V5 Robotics Competition 2025-2026: Push Back,60102,4,5,1,0,6,83.3,Champ
169X,2026-01-11,Great Valley High School: January Push Back Qualifier (HS Only): VEX V5 Robotics Competition Push Back,61939,3,5,1,0,6,83.3,F
169X,2026-01-24,New Hope-Solebury Robotics Qualifying Tournament (High School): VEX V5 Robotics Competition Push Back,60129,10,5,2,0,7,71.4,F
169X,2026-01-30,Gateway to the West VEX V5 Robotics Competition Signature Event: High School,60004,28,6,4,0,10,60.0,F
169X,2026-02-07,VEX Push Back at Spring-Ford: VEX V5 Robotics Competition Push Back,60047,2,5,0,0,5,100.0,Champ
169X,2026-02-21,Push Back Qualifier at Norristown - HS teams: VEX V5 Robotics Competition Push Back,62936,11,5,1,0,6,83.3,F
169X,2026-03-14,Eastern PA Push Back State Championship - HS teams: VEX V5 Robotics Competition Push Back,62939,3,7,1,0,8,87.5,Champ
291Z,2025-08-22,2025第三届“AI未来之星”“亚机联建控杯” VEX机器人全国邀请赛-VEX V5  HS,60863,13,5,1,0,6,83.3,F
291Z,2025-11-14,2025年第十六届VEX亚洲机器人锦标赛中国选拔赛中西区赛-VEX V5 HS,63772,7,6,2,0,8,75.0,F
291Z,2025-12-31,2025-2026 VEX Robotics Competition Asia Open Finals (V5RC_HS),63545,23,2,6,0,8,25.0,F
291Z,2026-01-06,2025世界机器人大赛总决赛(V5RC-HS): VEX系列赛项,63873,21,3,3,0,6,50.0,F
291Z,2026-02-01,科创青禾2025-2026全国VEX机器人精英赛 V5RC-HS,60839,2,8,1,1,10,80.0,F
344E,2025-10-16,The Lobstah Bowl VEX V5 Robotics Competition Signature Event: High School,59941,13,6,4,0,10,60.0,F
344E,2025-11-01,Scarborough Fall Fest: VEX V5 Robotics Competition,61202,22,3,5,0,8,37.5,F
344E,2025-12-04,WAVE at WPI VEX V5 Robotics Competition Signature Event: High School,59994,42,3,6,0,9,33.3,Qual
344E,2025-12-13,Yarmouth VEX V5 Robotics Competition Push Back Qualifier 1: HMS's Holiday Hullabaloo,60803,3,7,1,0,8,87.5,F
344E,2026-01-17,Bangor High School Winter Qualifier,62201,2,7,0,0,7,100.0,Champ
344E,2026-01-31,Yarmouth’s 42nd Guide to Push Back: ∞  hosted by Infinite Improbability ClipperBots,60527,3,7,0,0,7,100.0,F
344E,2026-02-14,Cape Elizabeth VEX V5 Push Back Qualifier: Heart of Steel Showdown,63505,27,3,5,0,8,37.5,F
344E,2026-03-06,Maine State VEX V5 High School Championship - Push Back,62147,16,5,3,0,8,62.5,F
526C,2025-11-04,Fox Valley VEX V5 Robotics League 2025-2026: Blended Middle School and High School,61526,7,12,8,0,20,60.0,F
526C,2025-11-15,Lomira Early Season Kickoff: Blended VEX V5 Robotics Competition,61267,5,5,2,0,7,71.4,F
526C,2025-12-06,12th Annual - Menasha VEX V5 Robotics Competition: Blended V5RC MS/HS,61329,28,3,5,0,8,37.5,F
526C,2025-12-13,Neenah's Merry VEXmas V5 Tournament!: Blended VEX V5 Robotics Competition MS/HS,60561,15,4,3,0,7,57.1,F
526C,2026-01-10,St. Mary Catholic High School Annual VEX V5 Robotics Competition: V5RC High School,63187,7,6,2,0,8,75.0,F
526C,2026-01-22,2026 NE WI Showdown VEX V5 Robotics Competition Signature Event: High School,59930,34,5,4,0,9,55.6,Qual
526C,2026-02-21,Milton Red Hawks V5 Tournament: VEX V5 Robotics Competition Blended MS/HS,63267,2,7,0,0,7,100.0,Champ
526C,2026-03-06,2026 Wisconsin VEX V5 High School State Championship: VEX V5 Robotics Competition High School,61528,27,5,5,0,10,50.0,F
727G,2025-11-15,Orange County Push Back in the APK (Middle School & High School): VEX V5 Robotics Competition Hosted by AHS Robotics,62382,1,5,1,0,6,83.3,Champ
727G,2025-12-26,Sunshine Showdown VEX V5 Robotics Competition Signature Event: High School,60249,40,4,4,1,9,44.4,F
727G,2026-01-10,Ultimate Warrior Robotics VEX V5 Robotics Competition: Push Back Middle & High School Teams,60110,10,4,2,0,6,66.7,F
727G,2026-01-23,Kalahari Classic V5RC HIGH SCHOOL Signature Event: High School - WORLDS QUALIFYING DIVISION,60166,26,5,3,0,8,62.5,F
727G,2026-02-15,2026 North/Central Florida High School Event Region Championship: VEX V5 Robotics Competition,61242,11,4,4,0,8,50.0,F
901Z,2025-11-01,First Scrimmage of the Season (V5RC MS/HS): Hosted by Christian Academy in Japan,61764,1,5,0,0,5,100.0,Champ
901Z,2025-11-15,Push Back At CAJ (V5RC MS/HS): V5RC Tournament hosted by Christian Academy in Japan,61904,1,6,1,0,7,85.7,Champ
901Z,2025-12-05,Formosa VEX V5RC Push Back 2025 (MS/HS Teams): International Event,60525,4,7,1,0,8,87.5,F
901Z,2026-01-09,2026 ASIJ VEX Robotics Tournament V5 High School Event,60442,7,5,3,0,8,62.5,QF
901Z,2026-01-30,Japan V5RC HS National Regional Championship | Supported by KEIO: PUSH BACK 2025-2026 Season,60387,2,8,0,0,8,100.0,Champ
1022W,2025-11-22,Shawnigan Lake - VEX V5 - Season Opener: Get Ready to Push Back,63291,27,1,5,0,6,16.7,Qual
1022W,2025-12-06,Salt Spring Island Push Back Tournament: A Vancouver Island V5 VEX Robotics Competition Regional Qualifying Event,59999,5,5,1,0,6,83.3,Champ
1022W,2026-01-17,Chaos at Claremont - VEX V5RC H.S. Push Back Tournament,60736,7,6,1,0,7,85.7,F
1022W,2026-01-31,Vancouver Island North V5RC Tournament - Highland Secondary,62465,7,6,1,0,7,85.7,Champ
1022W,2026-02-14,Port Alberni Pushes Back - VEX V5RC Robotics HS Tournament,61550,5,5,2,0,7,71.4,Champ
1022W,2026-02-28,2026 V5RC HS Vancouver Island Regional Championships,63586,6,7,3,0,10,70.0,QF
1104V,2025-11-01,Caution Tape VEX V5RC Robotics Competition Halloween Qualifier,60104,42,2,4,0,6,33.3,Qual
1104V,2025-11-22,St. Catharines V5RC Qualifier,60250,8,5,2,0,7,71.4,F
1104V,2025-11-29,White Oaks V5RC Qualifier,62647,8,6,2,0,8,75.0,F
1104V,2025-12-13,Caledon V5RC Push Back Qualifier: Blended In-Person Remote Judging and digital notebook,60517,15,5,1,0,6,83.3,F
1104V,2026-01-04,Sugar Rush VEX V5 Robotics Competition Signature Event: High School,59947,9,8,2,0,10,80.0,F
1104V,2026-01-31,Toronto V5RC Push Back,63452,13,4,2,0,6,66.7,F
1104V,2026-02-07,Caution Tape V5RC Lunar New Year Qualifier,63276,21,3,3,0,6,50.0,F
1104V,2026-02-14,Brampton V5RC Push Back Qualifier: Blended In-Person Remote Judging and digital notebook,62898,11,4,2,0,6,66.7,F
1104V,2026-02-27,Ontario HS Provincial V5RC Championships: Push Back Provincial,62874,7,7,1,0,8,87.5,F
1412J,2025-07-31,University of North Dakota Signature at the Mall of America: High School Presented by the College of Engineering and Mines,59926,31,6,4,0,10,60.0,Qual
1412J,2025-09-27,Katy Push Back Scrimmage: KRA  Alliances Only,60068,1,6,1,0,7,85.7,Champ
1412J,2025-10-18,Katy Battle of the Bots V5RC Push Back [Blended]: 4th Annual,61794,2,8,1,0,9,88.9,Champ
1412J,2025-10-25,Halloween Madness: Push Back - High School VEX V5 Robotics Competition,61615,1,6,0,0,6,100.0,Champ
1412J,2025-11-12,CFISD Fall Invitational: VEX V5 Robotics Competition Push Back.,61618,1,6,0,0,6,100.0,F
1412J,2025-11-24,Space City VEX V5 Robotics Competition Signature Event HS: High School,60209,9,7,2,0,9,77.8,F
1412J,2025-12-13,Onalaska V5RC Push Back HS: *Digital Notebook*,59927,1,6,0,0,6,100.0,Champ
1412J,2026-01-10,Katy Ring in the Year V5RC Push Back [Blended]: 4th Annual,63317,2,6,0,0,6,100.0,F
1412J,2026-01-27,Bridgeland VEX V5RC Push Back Invitational: Blended Event,61114,3,6,0,0,6,100.0,F
1412J,2026-01-29,Rumble In the Rockies VEX V5 Robotics Competition Signature Event: High School,60011,12,6,3,0,9,66.7,F
1412J,2026-02-05,RECF - VEX UIL Texas State Championship 6A: VEX V5 Robotics Competition,62335,11,6,3,0,9,66.7,Champ
1412J,2026-02-25,Texas V5RC High School Region 3 Championship: VEX V5 Robotics Competition,62341,4,7,1,0,8,87.5,Champ
1412J,2026-04-08,2026 Texas TSA State Conference Push Back (Blended Event),63158,1,8,0,0,8,100.0,F
1585B,2025-11-15,SSHS Robotics Rumble [Blended]: Push Back Edition,59995,1,8,0,0,8,100.0,F
1585B,2025-12-08,Farm Fresh Push Back Blended Tournament: VEX V5 Robotics Competition,61860,4,6,1,0,7,85.7,Champ
1585B,2026-01-17,Robot Rodeo DFW Signature Event: High School,60142,28,6,2,0,8,75.0,F
1585B,2026-02-07,RECF - VEX UIL Texas State Championship 4A: VEX V5 Robotics Competition,62337,1,9,0,0,9,100.0,Champ
1585B,2026-02-21,UT Tyler VEX V5 Robotics Push Back Fabulous February Tournament 2,63641,1,7,0,0,7,100.0,Champ
1585B,2026-03-13,VRC Texas Region 2 High School State Championship: VEX V5 Event Regional Championship: Push Back,63336,24,4,4,0,8,50.0,F
1727K,2025-11-08,AOE Robotics Challenge,60506,6,5,1,0,6,83.3,F
1727K,2026-01-04,Sugar Rush VEX V5 Robotics Competition Signature Event: High School,59947,42,4,6,0,10,40.0,F
1727K,2026-01-10,"Western MD ""Push Back"" Valley Mall Invitational 2026 (MS&HS): VEX V5 Robotics Competition",61464,1,6,0,0,6,100.0,F
1727K,2026-01-16,"Cardinal Classic VEX V5 Robotics Competition Tournament: Middle School / High School, All In Person Judging",60666,8,5,1,0,6,83.3,F
1727K,2026-01-30,Gateway to the West VEX V5 Robotics Competition Signature Event: High School,60004,6,10,0,0,10,100.0,F
1727K,2026-02-21,AOE Robotics Summit,63273,3,6,0,0,6,100.0,F
1727K,2026-03-14,2026 Maryland VEX V5 Robotics Competition State Championship - HS,61468,3,7,1,0,8,87.5,Champ
1791V,2025-09-21,TAI-VEX 25-26 Push Back Scrimmage: TAI-VEX 25-26 Push Back Scrimmage,60319,4,5,1,0,6,83.3,QF
1791V,2025-10-19,2025-2026 VEX TAIWAN OPEN V5RC 靜心高中熱身賽,60037,19,1,3,0,4,25.0,Qual
1791V,2025-10-26,TAI-VEX Tournament HS 25-26 Push Back: TAI-VEX Tournament HS 25-26 Push Back,60321,5,5,1,0,6,83.3,QF
1791V,2025-11-22,One World VEX HS Signature Event @ UC Berkeley: High School,60024,7,6,2,0,8,75.0,F
1791V,2025-12-14,2025-2026 VEX TAIWAN OPEN  V5RC Tournament（MS/HS）,61437,7,4,2,0,6,66.7,Champ
1791V,2025-12-18,2025-2026 PAS-VEX V5RC Signature Event: High School,60121,9,5,3,0,8,62.5,F
1791V,2026-02-03,2025-2026 VEX TAIWAN OPEN V5RC 高中組冠軍賽(HS): National Championship,60059,8,7,1,0,8,87.5,F
2011F,2025-10-25,"Boo at Woo Blended Tournament: VEX V5 Robotics Competition Push Back, Wooster, OH",61669,8,5,1,0,6,83.3,F
2011F,2025-11-08,Dan Spak Memorial: VEX V5 Robotics Competition Push Back,61956,14,5,1,0,6,83.3,F
2011F,2025-11-14,LAUNCH at EATON V5 Robotics Competition Signature Event: High School Signature Event,59915,33,4,5,0,9,44.4,F
2011F,2025-11-21,Speedway Push Back High School Signature Event: Presented by the Chrysalis Global Foundation,60094,18,5,3,0,8,62.5,F
2011F,2025-12-06,Meaden & Moore HS VEX V5 Robotics Competition 2025-2026: Meaden & Moore,60422,26,3,3,0,6,50.0,F
2011F,2025-12-13,60883 Akron STEM Holiday Classic: VEX V5 Robotics Competition Push Back,62649,6,5,1,0,6,83.3,F
2011F,2026-01-10,Picktown Throwdown High School Qualifier: VEX V5 Robotics Competition Push Back,61442,15,4,2,0,6,66.7,F
2011F,2026-01-23,Kalahari Classic V5RC HIGH SCHOOL Signature Event: High School - WORLDS QUALIFYING DIVISION,60166,7,7,1,0,8,87.5,F
2011F,2026-01-31,Lorain Titans VEX Qualifier High School: V5 Robotics Competition Push Back,61432,27,2,4,0,6,33.3,F
2011F,2026-02-14,Meaden & Moore  HS VEX V5 Robotics Competition #2 2025-2026: VEX V5 Robotics Competition Push Back,60424,14,5,1,0,6,83.3,F
2011F,2026-03-06,2026 Ohio V5RC HS Robotics State Championship: V5RC  High School Division,61933,15,5,3,0,8,62.5,F
2115P,2025-09-12,The Highlander Summit Signature Event: High School VEX V5 Robotics Competition,59997,1,7,1,0,8,87.5,F
2115P,2025-10-05,Stauffer Challenge Tournament October HS Only: VEX V5 Robotics Competition : Push Back,61421,8,4,2,0,6,66.7,QF
2115P,2025-10-25,Legacy Push Back Tournament: VEX V5 Robotics Competition HS/MS blended,61388,18,3,3,0,6,50.0,F
2115P,2025-11-15,"Excalibur Robotics Challenge 2025 ""PUSH BACK"": VEX V5 Robotics Competition",60649,4,6,1,0,7,85.7,F
2115P,2025-11-24,Space City VEX V5 Robotics Competition Signature Event HS: High School,60209,3,8,1,0,9,88.9,F
2115P,2025-12-07,2025 San Diego VEX Match Only Tournament No. 6: V5RC : Push Back Matches Only #6,60416,5,5,2,0,7,71.4,QF
2115P,2025-12-31,Carolina Countdown - A New Year’s Signature Event: High School,59932,48,4,5,0,9,44.4,F
2115P,2026-01-18,robotics is ez @ discovery cube oc - hs: VEX V5 Robotics Competition - Push Back,63628,22,3,3,0,6,50.0,F
2115P,2026-01-25,Bots & Bolts IV: Final Push: VEX V5 Robotics Competition : Push Back : High School,63810,9,5,1,0,6,83.3,F
2115P,2026-02-27,California Region 4 2026 High School ERC: VEX V5 Robotics Competition :Push Back,61926,6,7,1,0,8,87.5,F
2147Z,2025-09-12,The Highlander Summit Signature Event: High School VEX V5 Robotics Competition,59997,85,2,6,0,8,25.0,Qual
2147Z,2025-09-26,Great Planes Signature Event: High School VEX V5 Robotics Competition,59933,28,5,4,0,9,55.6,F
2147Z,2025-10-05,Stauffer Challenge Tournament October HS Only: VEX V5 Robotics Competition : Push Back,61421,21,2,4,0,6,33.3,F
2147Z,2025-11-09,Supernova Spectacular High School Tournament: VEX V5 Robotics Competition : Push Back : High School Only,60345,16,4,3,0,7,57.1,F
2147Z,2025-11-15,Bots & Bolts I: Push Back Showdown: VEX V5 Robotics Competition : Push Back : High School,61335,1,6,0,0,6,100.0,Champ
2147Z,2025-11-16,SoCal Showdown @ McBride: VEX V5 Robotics Competition : Blended MS/HS,61249,10,4,2,0,6,66.7,F
2147Z,2025-12-30,Diamond in the Desert High School Signature Event: High School | The Arizona VEX Signature Event,59904,35,4,6,0,10,40.0,F
2147Z,2026-01-18,robotics is ez @ discovery cube oc - hs: VEX V5 Robotics Competition - Push Back,63628,5,6,0,0,6,100.0,F
2147Z,2026-01-24,Bots & Bolts III: Push Back Alliance Push: VEX V5 Robotics Competition : Push Back : High School,62315,5,4,2,0,6,66.7,F
2147Z,2026-02-27,California Region 4 2026 High School ERC: VEX V5 Robotics Competition :Push Back,61926,48,4,4,0,8,50.0,F
2360C,2025-10-21,VEX V5RC HS IPSD Robotics Invitational League (25-26): VEX V5 Robotics Competition,60553,19,3,8,0,11,27.3,R16
2360C,2025-11-01,Lake Park High School West Campus V5RC HS Push Back Roselle IL: VEX V5 Robotics Competition Tournament with In-Person Judging and Skills,60275,14,4,2,0,6,66.7,F
2360C,2025-11-16,Great Lakes V5RC MS/HS Tournament #1 - Push Back: VEX V5 Robotics Competition,61647,12,5,2,0,7,71.4,F
2360C,2026-01-04,Great Lakes V5RC MS/HS Tournament #2 - Push Back: VEX V5 Robotics Competition,61648,19,4,3,0,7,57.1,F
2360C,2026-02-07,Illini V5RC Blended Cornfield Clash Jr.: VEX V5 Robotics Competition - Spring Event,63653,2,6,1,0,7,85.7,F
2360C,2026-03-13,2026 Illinois V5RC HS State Competition - Push Back: VEX V5 Robotics Competition,63046,7,7,3,0,10,70.0,F
2501S,2025-09-26,Great Planes Signature Event: High School VEX V5 Robotics Competition,59933,39,4,5,0,9,44.4,Qual
2501S,2025-10-18,"UNO Mavericks VEX V5RC HS Only - Push Back: Tournament hosted by RVRSE VURC, VEX V5 Robotics Competition",61479,6,6,1,0,7,85.7,F
2501S,2025-11-15,Lynx Robotics - Battle in the Bluffs MS/HS V5RC; Council Bluffs: VEX V5 Robotics Competition,60046,2,7,0,0,7,100.0,Champ
2501S,2025-12-06,2025 Western Iowa V5RC Blended PWNAMENT Push Back: Blended VEX V5 Robotics Competition  HS/MS,63057,5,6,3,0,9,66.7,Champ
2501S,2025-12-13,Mount Vernon Stangs V5RC MS/HS Tournament: VEX V5 Robotics competition,63029,1,10,0,0,10,100.0,Champ
2501S,2026-01-10,"Missouri River Rumble V5RC Blended; Council Bluffs, IA: VEX V5 Robotics Competition",63315,1,8,0,0,8,100.0,Champ
2501S,2026-02-07,Melee at the Mount: V5RC Blended Mount Michael Benedictine HS: VEX V5 Robotics Competition BLENDED,63412,6,7,2,0,9,77.8,QF
2501S,2026-02-14,Mustang Madness - HS V5RC Push Back: VEX V5 Robotics Competition Millard North High School,60866,3,5,1,0,6,83.3,Champ
2501S,2026-02-28,2026 Iowa V5RC HS State Push Back Robotics Championship: VEX V5 Robotics Competition High School V5RC,63060,2,8,2,0,10,80.0,SF
2501S,2026-03-16,2026 CREATE U.S. Open Robotics Tournament- V5RC High School: VEX V5 Robotics Competition HIGH SCHOOL,60346,7,9,4,0,13,69.2,F
2602K,2025-10-25,CTEEA at Hall HS VEX V5 October Push Back Qualifier: 6th Annual CT Season Opener,60177,38,3,3,0,6,50.0,Champ
2602K,2025-11-22,North Andover High School VEX V5 Push Back - HS Qualifier,60179,4,6,0,0,6,100.0,F
2602K,2025-12-04,WAVE at WPI VEX V5 Robotics Competition Signature Event: High School,59994,14,8,1,0,9,88.9,F
2602K,2025-12-20,Framingham VEX V5 Competition HS Push Back December Tournament,60074,5,5,1,0,6,83.3,F
2602K,2026-01-10,Hopkinton Jan VEX V5 Pushback Tournament 2026,60393,4,5,1,0,6,83.3,Champ
2602K,2026-02-07,Framingham VEX V5  Competition HS Push Back February Tournament,60428,2,6,0,0,6,100.0,F
2602K,2026-02-21,Bancroft VEX V5 HS Push Back Tournament,61821,1,6,0,0,6,100.0,Champ
2602K,2026-03-07,Massachusetts VEX V5 High School State Championship,63086,5,6,3,0,9,66.7,F
2815Z,2025-09-26,"The 2nd ""Nangong Cup"" VEX Robotics Elite Invitational-V5RC-HS",61178,3,5,1,0,6,83.3,F
2815Z,2025-11-07,2025年第十六届VEX亚洲机器人锦标赛中国选拔赛华南区赛（二）-VEX V5高中组,61914,18,4,4,0,8,50.0,F
2815Z,2025-11-21,2025“大湾区”VEX机器人全国邀请赛--VEX V5 混组,63731,1,5,1,0,6,83.3,Champ
2815Z,2025-12-18,VEX Asia Open Signature Event V5RC HS: High School,60484,14,5,3,0,8,62.5,F
2815Z,2025-12-31,2025-2026 VEX Robotics Competition Asia Open Finals (V5RC_HS),63545,9,6,2,0,8,75.0,F
2815Z,2026-02-26,2025-2026赛季 VEX机器人全国邀请赛（宜兴）V5RC-HS,64058,1,6,0,0,6,100.0,F
3134G,2025-10-04,"Tri-Valley VEX V5 Robotics Competition #1: HS&MS only, Remote Engineering Notebooks & Interviews",61019,15,3,3,0,6,50.0,F
3134G,2025-11-08,Central Valley VEX V5 Push Back Tournament #3,61460,2,5,1,0,6,83.3,QF
3134G,2025-11-15,Bay Area VEX V5 Push Back Tournament #3,61473,35,2,4,0,6,33.3,F
3134G,2025-11-26,Signature Event Campeonato Internacional de Robótica: y Habilidades STEM 2025-2026 Playa del Carmen,60637,2,9,0,0,9,100.0,Champ
3134G,2026-03-07,"2026 California Region 2 VEX V5 High School Championship: 2025-2026 Season (Push Back), In-Person Judging, Physical Engineering Notebook",62460,76,1,7,0,8,12.5,Qual
3134G,2026-04-18,"Robolabs VEX V5 Robotics Competition - Invitational: HS & MS, Remote Engineering Notebooks",61635,4,5,1,0,6,83.3,QF
3204A,2025-08-16,Palmerston North V5RC Tournament 3: Kiwibots Event in Central Robotics Region,60301,10,3,4,0,7,42.9,SF
3204A,2025-08-30,Feilding V5RC Tournament 4: Kiwibots Event in Central Robotics Region,60302,12,2,4,0,6,33.3,QF
3204A,2025-09-13,New Plymouth V5RC Tournament 5: Kiwibots Event in Central Robotics Region,60305,14,1,6,0,7,14.3,R16
3204A,2025-10-18,Palmerston North V5RC Tournament 6: Kiwibots Event in Central Robotics Region,60307,19,0,6,0,6,0.0,R16
3204A,2025-11-01,Whanganui V5RC Tournament 7: Kiwibots Event in Central Robotics Region,60309,9,4,3,0,7,57.1,QF
3204A,2025-11-29,Palmerston North V5RC Regional Championship: Kiwibots Event in Central Robotics Region,60312,6,4,2,0,6,66.7,QF
3204A,2026-02-20,2025/26 NZ Kiwibots VEX V5RC National Championships: PUSH BACK.: New Zealand  High School VEX Push Back Nationals 2025/2026,61404,51,3,6,0,9,33.3,F
3588X,2025-11-15,Beach Brawl 11/15 VEX V5 Robotics Competition : Push Back: Beach Brawl @ McBride High School,61212,16,3,3,0,6,50.0,F
3588X,2025-12-14,Harvard-Westlake Challenge - HS Only: V5RC : Push Back,60763,27,1,5,0,6,16.7,F
3588X,2025-12-26,Sunshine Showdown VEX V5 Robotics Competition Signature Event: High School,60249,37,5,4,0,9,55.6,F
3588X,2026-01-10,"Roundtable Robotics Challenge 2026 ""Push Back""",60654,3,5,1,0,6,83.3,F
3588X,2026-02-08,2025 San Diego VEX Match Only Tournament No. 8: V5RC : Push Back Matches Only #8,60418,1,6,0,0,6,100.0,QF
3588X,2026-02-13,"8th NorCal Silicon Valley VEX V5RC Signature Event (High School): Season: Push Back (2025-26), Digital Engineering Notebook, VEX V5 Robotics Competition",60255,35,4,4,0,8,50.0,Qual
3588X,2026-02-27,California Region 4 2026 High School ERC: VEX V5 Robotics Competition :Push Back,61926,7,6,2,0,8,75.0,F
3796D,2025-10-18,VEX V5 Robotics Competition  JL Mann Season Opener: Middle and High School Teams,60050,9,5,1,0,6,83.3,F
3796D,2025-11-15,VEX V5 Robotics Competition- B3: Bot Battle at the Bluff: High School/Middle School Teams,60045,3,6,0,0,6,100.0,Champ
3796D,2025-12-06,VEX V5 Robotics Competition- JL Mann Winter Qualifier: High School Teams,63136,8,4,2,0,6,66.7,QF
3796D,2025-12-31,Carolina Countdown - A New Year’s Signature Event: High School,59932,14,7,2,0,9,77.8,F
3796D,2026-01-17,VEX V5 Robotics Competition – Ice Scream Social (V5RC)(HS): High School Teams,60143,7,4,1,1,6,66.7,F
3796D,2026-02-07,VEX V5 Robotics Blythewood Presents: Bengal Bowl II: High School Teams Only,62254,1,6,0,0,6,100.0,F
3796D,2026-03-06,2026 SC VEX V5 Robotics Competition HS State Championship: High School Teams Only,60052,18,5,3,0,8,62.5,F
4142C,2025-10-25,"Waianae High School  ""Halloween"" Tournament - HS/MS Blended: VEX V5 Robotics Competition Push Back",60675,8,5,3,0,8,62.5,F
4142C,2025-10-31,West Oahu 1: West Side VEX V5 Robotics Competition  MS/HS Competition #1,60950,10,5,4,0,9,55.6,R16
4142C,2025-11-22,Roosevelt JROTC Blended HS/MS V5RC Tournament: V5RC : Push Back Open to JROTC and Non-JROTC Teams,62038,10,5,3,0,8,62.5,F
4142C,2025-12-20,Merry VEXmas Kaiser Blended V5RC Tournament: VEX V5 Robotics Competition :Push Back,63025,22,2,4,0,6,33.3,F
4142C,2026-01-03,East Oahu Kalani HS VEX V5 Robotics Competition Tournament: new years tourney,63065,16,3,5,0,8,37.5,R16
4142C,2026-02-13,Hawaii Regional Championship VEX V5 High School Division: VEX V5 Robotics Competition State Championship,62322,14,5,4,0,9,55.6,F
4588B,2025-10-18,VEX V5 Robotics Competition Push Back ausTIN CANs I: Blended,60634,5,5,1,0,6,83.3,F
4588B,2025-11-08,Cpt Waskow's salute to Veterans Challenge: HS/MS V5RC 2025-2026: Push Back Belton New Tech @Waskow,62066,2,6,0,0,6,100.0,Champ
4588B,2026-01-10,Battle by the Lake: HS V5RC Tournament - Push Back,63178,2,6,0,0,6,100.0,Champ
4588B,2026-01-17,Robot Rodeo DFW Signature Event: High School,60142,24,6,2,0,8,75.0,F
4588B,2026-02-07,RECF - VEX UIL Texas State Championship 1A-3A: VEX V5 Robotics Competition,62338,2,9,0,0,9,100.0,F
4588B,2026-02-18,RESCHEDULED: Push Back at Lake Belton High School: New Date: 2.18 VEX V5 Robotics Competition 2025-2026: Push Back,63930,1,7,1,0,8,87.5,Champ
4588B,2026-02-21,3rd annual Dragons Den Challenge: VEX V5 Robotics Competition 2025-2026: Push Back,63744,4,6,0,0,6,100.0,F
4588B,2026-03-14,Texas Region 4 V5RC High School Championship: VEX V5 Robotics Competition 2025-2026: Push Back,63914,2,8,0,0,8,100.0,Champ
4886W,2025-11-01,Second Annual Thetford Academy Haunted Harvest  VEX V5 Tournament: Blended V5 Push Back Tournament,61847,15,3,3,0,6,50.0,F
4886W,2025-11-15,York VEX V5 Robotics Competition Push Back Qualifier,59998,11,5,2,0,7,71.4,F
4886W,2025-12-13,Pemibaker VEX V5 Robotics Tournament: Plymouth Regional High School,60555,11,4,2,0,6,66.7,F
4886W,2026-01-10,The 2026 Bow Bot Bout: It's gonna be great!,60119,5,6,1,0,7,85.7,F
4886W,2026-01-19,RPI 2026 VEX V5 Robotics Competition: Push Back Qualifying Tournament,62851,1,7,0,0,7,100.0,Champ
4886W,2026-01-31,Mount Washington Valley VEX V5 Push Back Tournament,63721,1,6,0,0,6,100.0,Champ
4886W,2026-02-14,NH/VT 2026 VEX V5 Push Back Blended State Championship,62158,5,7,1,0,8,87.5,Champ
5155E,2025-09-26,Great Planes Signature Event: High School VEX V5 Robotics Competition,59933,27,5,4,0,9,55.6,Qual
5155E,2025-10-25,Brownell Talbot VEX V5 Robotics HS Tournament - Push Back: VEX V5 Robotics Competition,60608,17,2,4,1,7,28.6,QF
5155E,2025-11-22,Concordia Mustangs Blended V5RC Tournament: VEX V5 Robotics Competition,62882,6,6,1,0,7,85.7,Champ
5155E,2026-01-24,O'Neill Eagles MS/HS V5RC Tournamnet: VEX V5 Robotics Competition - Push Back,63039,15,4,2,0,6,66.7,F
5155E,2026-01-31,"Cougar Clash Tournament, V5RC HS, Bellevue, NE - Push Back: Gross Catholic VEX Robotics V5 Competition - High School Only",59948,4,6,0,0,6,100.0,F
5155E,2026-02-14,"""Clash on the Platte"" Robotics V5RC MS/HS Tournament: Blended VEX V5 Robotics Competition MS/HS - Grand Island Senior High School",61232,3,6,0,0,6,100.0,F
5155E,2026-02-27,2026 Nebraska State V5RC Championship - High School - Push Back: VEX V5 Robotics Competition High School,61074,10,5,3,0,8,62.5,F
5691A,2025-10-03,VEX V5 Robotics Competition – Hub City Robo Rumble: Presented by Jackson State Community College- (HS/MS),60572,2,6,1,0,7,85.7,F
5691A,2025-10-25,"Searcy Pushback Spooktacular V5RC HS; Searcy, AR: VEX V5 Robotics Competition",60682,5,4,2,0,6,66.7,Champ
5691A,2025-11-15,"Hurricane Fall Classic V5RC (HS Only); Jonesboro, AR: VEX V5 Robotics Competition",60134,3,5,1,0,6,83.3,QF
5691A,2026-02-21,UT Tyler VEX V5 Robotics Push Back Fabulous February Tournament 2,63641,9,5,2,0,7,71.4,R16
5691A,2026-03-14,Arkansas 2025-2026 State High School Championship: VEX V5 Robotics Competition,61120,14,5,3,0,8,62.5,F
6008G,2025-10-11,9185 Pre-Season Tournament :: No Judging: VEX V5 Robotics Competition Push Back,61186,1,6,2,0,8,75.0,F
6008G,2025-10-25,North Union High School Qualifier: VEX V5 Robotics Competition Push Back,60167,1,6,0,0,6,100.0,F
6008G,2025-11-11,"Central Ohio HIGH SCHOOL League; Richwood, Ohio: VEX V5 Robotics Competition PUSH BACK",61241,2,10,2,0,12,83.3,Champ
6008G,2025-11-14,Smoky Mountain Forge *Signature Event*: High School,60153,13,6,3,0,9,66.7,F
6008G,2025-12-06,Meaden & Moore HS VEX V5 Robotics Competition 2025-2026: Meaden & Moore,60422,4,4,2,0,6,66.7,F
6008G,2025-12-20,Roller Coast RoboClash: VEX V5 Robotics Competition Push Back,62020,3,5,1,0,6,83.3,Champ
6008G,2025-12-28,Columbus Blue Jackets V5RC Blended Game Day Event 2025 - 2026: VEX V5 Robotics Competition Push Back,62091,1,6,0,0,6,100.0,F
6008G,2026-01-10,Rubber City Rumble - Presented by Akron Roobotics: VEX V5 Robotics Competition Push Back,61701,2,6,0,0,6,100.0,Champ
6008G,2026-01-23,Kalahari Classic V5RC HIGH SCHOOL Signature Event: High School - WORLDS QUALIFYING DIVISION,60166,19,6,2,0,8,75.0,F
6008G,2026-02-07,Harding HS at Ohio State Marion Blended Event: VEX V5 Robotics Competition Push Back,61426,2,5,1,0,6,83.3,Champ
6008G,2026-02-14,Polaris Automation Highland High School Qualifier: VEX V5 Robotics Competition Push Back,61349,1,6,0,0,6,100.0,Champ
6008G,2026-02-21,Showdown at the Peak - HS Competition: VEX V5 Robotics Competition Push Back,60457,3,5,1,0,6,83.3,Champ
6008G,2026-03-06,2026 Ohio V5RC HS Robotics State Championship: V5RC  High School Division,61933,11,5,3,0,8,62.5,F
6210M,2025-10-04,Battle at the Bolt 2025 (MS/HS): VEX V5 Robotics Competition Push Back,60692,3,5,1,0,6,83.3,QF
6210M,2025-10-18,Triton Central Push Back VEX V5 Robotics Competition: Middle School and High School Teams,61413,1,5,1,0,6,83.3,Champ
6210M,2025-10-25,5th Annual Caston Cobweb Classic VEX V5 Robotics Competition: Push Back Competition Middle and High School Teams,61769,1,6,0,0,6,100.0,F
6210M,2025-11-08,Bloomington Push Back I - Qualifier: VEX V5 Robotics Competition Middle and High School Teams,60738,1,5,1,0,6,83.3,Champ
6210M,2025-11-15,Purdue SIGBots VEX V5 Robotics Competition Fall Tournament: Push Back Middle School and High School Teams - Qualifier with the SIGBots on Purdue Campus,61810,1,7,1,0,8,87.5,Champ
6210M,2025-11-21,Speedway Push Back High School Signature Event: Presented by the Chrysalis Global Foundation,60094,10,6,2,0,8,75.0,F
6210M,2025-12-10,HCS VEX V5 Robotics Competition Invitational League: Middle and High School Teams,62011,1,12,0,0,12,100.0,SF
6210M,2025-12-31,Carolina Countdown - A New Year’s Signature Event: High School,59932,7,5,4,0,9,55.6,F
6210M,2026-01-10,Greenfield-Central VEX V5 Robotics Competition: Push Back Tournament Middle School and High School Teams,61320,11,5,1,0,6,83.3,Champ
6210M,2026-01-17,Heritage Christian VEX V5 Robotics Competition: Push Back Middle School and High School Teams,61966,5,5,1,0,6,83.3,Champ
6210M,2026-01-30,Gateway to the West VEX V5 Robotics Competition Signature Event: High School,60004,5,8,2,0,10,80.0,Champ
6210M,2026-02-07,New Palestine High School Tournament: VEX V5 Robotics Competition Middle School and High School Teams,60945,2,5,1,0,6,83.3,F
6210M,2026-02-13,"8th NorCal Silicon Valley VEX V5RC Signature Event (High School): Season: Push Back (2025-26), Digital Engineering Notebook, VEX V5 Robotics Competition",60255,24,5,3,0,8,62.5,F
6210M,2026-02-21,Purdue Polytechnic Anderson Robotics Spring Tournament: VEX V5 Robotics Competition Middle School and High School Teams,61998,2,7,0,0,7,100.0,Champ
6210M,2026-03-13,2026 Indiana Robotics State Championship - High School: VEX V5 Robotics Competition High School Teams,62627,4,7,1,0,8,87.5,F
6403Z,2025-10-14,"Lake Effect League, VRC Blended - Elyria, Ohio: VEX V5 Robotics Competition Push Back",60754,1,12,3,0,15,80.0,F
6403Z,2025-10-25,"Boo at Woo Blended Tournament: VEX V5 Robotics Competition Push Back, Wooster, OH",61669,5,5,1,0,6,83.3,F
6403Z,2025-11-08,Dan Spak Memorial: VEX V5 Robotics Competition Push Back,61956,23,3,3,0,6,50.0,F
6403Z,2025-11-14,LAUNCH at EATON V5 Robotics Competition Signature Event: High School Signature Event,59915,29,4,5,0,9,44.4,F
6403Z,2025-11-22,Mahoning Valley VEX V5RC Blended Qualifier: VEX V5 Robotics Competition 2025-2026: Push Back,60882,2,6,0,0,6,100.0,F
6403Z,2025-12-06,Meaden & Moore HS VEX V5 Robotics Competition 2025-2026: Meaden & Moore,60422,1,6,0,0,6,100.0,Champ
6403Z,2025-12-13,60883 Akron STEM Holiday Classic: VEX V5 Robotics Competition Push Back,62649,8,4,2,0,6,66.7,Champ
6403Z,2025-12-20,Roller Coast RoboClash: VEX V5 Robotics Competition Push Back,62020,13,4,2,0,6,66.7,F
6403Z,2026-01-09,"Late Shift High School V5RC - Elyria, Ohio: VEX V5 Robotics Competition Push Back",60751,3,5,1,0,6,83.3,Champ
6403Z,2026-01-23,Kalahari Classic V5RC HIGH SCHOOL Signature Event: High School - WORLDS QUALIFYING DIVISION,60166,46,3,5,0,8,37.5,F
6403Z,2026-01-31,Lorain Titans VEX Qualifier High School: V5 Robotics Competition Push Back,61432,2,6,0,0,6,100.0,F
6403Z,2026-02-07,Harding HS at Ohio State Marion Blended Event: VEX V5 Robotics Competition Push Back,61426,3,5,1,0,6,83.3,Champ
6403Z,2026-02-14,Meaden & Moore  HS VEX V5 Robotics Competition #2 2025-2026: VEX V5 Robotics Competition Push Back,60424,25,3,3,0,6,50.0,F
6403Z,2026-02-28,Ohio Pre-State Scrimmage in Akron,64114,1,6,1,0,7,85.7,SF
6403Z,2026-03-06,2026 Ohio V5RC HS Robotics State Championship: V5RC  High School Division,61933,41,2,6,0,8,25.0,F
7110A,2025-10-18,The OWL Spook off V5RC: V5RC Push Back Blended,60044,5,4,1,1,6,66.7,Champ
7110A,2025-11-01,For the Love of Bots I V5RC Push Back: VEX V5 Robotics Competition 2025-2026: HS,61588,3,6,0,0,6,100.0,F
7110A,2025-11-24,Space City VEX V5 Robotics Competition Signature Event HS: High School,60209,16,6,3,0,9,66.7,F
7110A,2025-12-06,Southlake Carroll December Push Back Tournament: V5RC 2025-2026: Push Back HS,61604,6,5,2,0,7,71.4,Champ
7110A,2026-01-17,Robot Rodeo DFW Signature Event: High School,60142,9,6,2,0,8,75.0,F
7110A,2026-01-31,Wylie High School VEX Robotics Push Back Tournament Pt.2: High School Only,62318,8,5,2,0,7,71.4,Champ
7110A,2026-02-05,RECF - VEX UIL Texas State Championship 6A: VEX V5 Robotics Competition,62335,15,6,3,0,9,66.7,F
7110A,2026-02-27,2026 Texas Region 5 High School V5 Robotics State Championship: V5RC 2025-2026: Push Back HS,63167,2,7,1,0,8,87.5,F
7262A,2025-10-24,2025-2026赛季VEX机器人亚洲公开赛华北大区赛（二）V5RC_HS: High School,63093,9,4,4,0,8,50.0,R16
7262A,2025-12-18,VEX Asia Open Signature Event V5RC HS: High School,60484,19,4,4,0,8,50.0,F
7262A,2025-12-31,2025-2026 VEX Robotics Competition Asia Open Finals (V5RC_HS),63545,2,7,0,1,8,87.5,QF
7262A,2026-02-01,科创青禾2025-2026全国VEX机器人精英赛 V5RC-HS,60839,6,8,1,1,10,80.0,F
7486A,2025-10-04,2025-2026赛季VEX机器人亚洲公开赛华北大区赛（一）V5RC_HS: High School,62053,10,3,5,0,8,37.5,QF
7486A,2025-12-31,2025-2026 VEX Robotics Competition Asia Open Finals (V5RC_HS),63545,28,1,7,0,8,12.5,Qual
7862W,2025-10-25,Brownell Talbot VEX V5 Robotics HS Tournament - Push Back: VEX V5 Robotics Competition,60608,13,3,4,0,7,42.9,F
7862W,2025-11-01,2025-2026 Viking HS Push Back V5RC: VEX V5 Robotics Competition,62015,5,4,2,0,6,66.7,Champ
7862W,2025-11-15,Swather Bot Special Push Back V5RC HS Only: VEX V5 Robotics Competition,61040,12,3,2,1,6,50.0,F
7862W,2026-01-10,Swather Bot Special Push Back V5RC HS Only: VEX V5 Robotics Competition,61098,15,3,3,0,6,50.0,Champ
7862W,2026-02-07,"Bobcat V5RC HS Push Back; Basehor, KS: VEX V5 Robotics Competition",59989,19,3,3,0,6,50.0,F
7862W,2026-02-14,"Goddard HS ""Rumble in the Den"" V5RC Tournament  (HS Only): VEX V5 Robotics Competition, HS Only, All In-Person Judging",63180,12,4,2,0,6,66.7,F
7862W,2026-02-21,"Cheney VEXcellence V5RC Tournament  (HS Only): VEX V5 Robotics Competition, HS Only, All In-Person Judging",61851,6,5,1,0,6,83.3,F
7862W,2026-03-07,2025-2026 Kansas State Championship V5RC High School: Sponsored by Textron Aviation,61595,5,7,1,0,8,87.5,QF
7862W,2026-03-16,2026 CREATE U.S. Open Robotics Tournament- V5RC High School: VEX V5 Robotics Competition HIGH SCHOOL,60346,7,9,4,0,13,69.2,F
8076X,2025-11-01,Singapore Spooky Robo Rumble V5RC: V5RC (MS/HS),60371,1,6,0,0,6,100.0,F
8076X,2025-11-19,Singapore VEX V5RC Tournament 2025 MS/HS: Push Back,61037,25,2,2,0,4,50.0,R16
8076X,2026-01-31,Singapore V5RC National Championship 2026 (MS/HS): Push Back,61048,1,8,0,0,8,100.0,Champ
8448X,2025-10-25,Spooky VEX on the Plains V5RC (HS/MS): Middle and High School Teams,61645,6,5,1,0,6,83.3,SF
8448X,2025-11-08,"Maxwell AFB and MPS Vex V5 Push Back Qualifying Event (MS/HS): To be held on Maxwell AFB, Montgomery, AL (relocated to LAMP High School)",60832,2,6,0,0,6,100.0,SF
8448X,2025-11-14,Smoky Mountain Forge *Signature Event*: High School,60153,5,8,1,0,9,88.9,F
8448X,2026-01-15,Hyundai Presents SCORE Showdown at Auburn University (HS): VEX V5 Robotics Competition Signature Event High School,59912,21,5,3,0,8,62.5,F
8448X,2026-01-24,THE HILLS PUSH BACK VEX V5 Robotics Competition- HS/MS: V5RC Tournament in Vestavia Hills,62242,4,5,1,0,6,83.3,SF
8448X,2026-02-20,Alabama VEX V5 Robotics Competition Event Region Championship: High School Teams Only,62027,2,8,0,0,8,100.0,F
8448X,2026-04-11,Auburn Robotics Club - VEX V5 Robotics Competition Scrimmage: MS/HS,64165,4,4,1,0,5,80.0,QF
8894X,2026-01-17,ROBO-BASH,62857,9,5,1,0,6,83.3,F
8894X,2026-02-06,Mecha Mayhem 2026 HS V5RC Push Back Showcase: High School Tournament,60091,13,8,2,0,10,80.0,F
8894X,2026-02-15,Western Pacific Robotics Academy V5RC Final BC Competition,63451,3,5,1,0,6,83.3,F
8894X,2026-02-27,PYRS British Columbia HS VEX V5RC Regional Championship: BC Lower Mainland Provincial Championship,63150,13,5,3,0,8,62.5,F
8894X,2026-04-11,Burnsview Robotics Cup Scrimmage - Push Back,64142,22,5,2,0,7,71.4,F
9061X,2025-09-12,The Highlander Summit Signature Event: High School VEX V5 Robotics Competition,59997,80,2,6,0,8,25.0,Qual
9061X,2025-12-06,Black Rock Open Middle / High School Blended Event: VEX V5 Robotics Competition 2025-2026: Push Back,60102,15,4,2,0,6,66.7,F
9061X,2025-12-13,Vexmen Showdown Qualifier - High School: VEX V5 Robotics Competition Push Back,62837,5,6,1,0,7,85.7,F
9061X,2026-01-23,Kalahari Classic V5RC HIGH SCHOOL Signature Event: High School - WORLDS QUALIFYING DIVISION,60166,58,3,5,0,8,37.5,Qual
9061X,2026-02-07,VEX Push Back at Spring-Ford: VEX V5 Robotics Competition Push Back,60047,24,3,2,0,5,60.0,F
9061X,2026-02-15,Great Valley High School: February Push Back Qualifier (HS Only): VEX V5 Robotics Competition Push Back,61940,14,4,2,0,6,66.7,F
9061X,2026-02-21,Push Back Qualifier at Norristown - HS teams: VEX V5 Robotics Competition Push Back,62936,16,5,1,0,6,83.3,F
9061X,2026-03-14,Eastern PA Push Back State Championship - HS teams: VEX V5 Robotics Competition Push Back,62939,30,4,4,0,8,50.0,F
9189X,2025-10-18,The OWL Spook off V5RC: V5RC Push Back Blended,60044,1,6,0,0,6,100.0,Champ
9189X,2025-11-01,Trenton Tournament: VEX V5 Push Back Blended Tournament,61603,1,8,0,0,8,100.0,Champ
9189X,2025-11-08,Phoenix Premiere Robotics Blended Tournament: Early Season Push Back,61897,1,6,0,0,6,100.0,Champ
9189X,2025-11-24,Space City VEX V5 Robotics Competition Signature Event HS: High School,60209,5,8,1,0,9,88.9,Champ
9189X,2025-12-06,Southlake Carroll December Push Back Tournament: V5RC 2025-2026: Push Back HS,61604,1,7,0,0,7,100.0,Champ
9189X,2026-01-17,Robot Rodeo DFW Signature Event: High School,60142,11,6,2,0,8,75.0,Champ
9784A,2025-10-11,UCC Early Season PUSH BACK To School V5RC Blended; Bonne Terre: VEX V5 Robotics Competition,61354,1,6,1,0,7,85.7,Champ
9784A,2025-10-18,Troy V5RC Blended Spooktacular: VEX V5 Robotics Competition,60963,1,8,0,0,8,100.0,Champ
9784A,2025-11-08,"Potosi High School V5RC Blended Push Back; Potosi, MO: VEX V5 Robotics Competition",61693,2,7,0,0,7,100.0,SF
9784A,2025-11-23,"LEEP Back; V5RC Blended; Lawrence, KS: VEX V5 Robotics Competition, MS/HS Blended, Virtual Judging",62161,9,5,2,0,7,71.4,Champ
9784A,2025-12-13,"UCC VEX V5RC Push Back Winter Extravaganza; Desloge, MO: VEX V5RC Robotics Competition",61734,4,5,1,0,6,83.3,Champ
9784A,2026-01-11,Parkway West High School Robotics Tournament (V5RC Blended): VEX V5 Robotics Competition,63229,2,6,2,0,8,75.0,Champ
9784A,2026-01-23,Kalahari Classic V5RC HIGH SCHOOL Signature Event: High School - WORLDS QUALIFYING DIVISION,60166,13,6,2,0,8,75.0,F
9784A,2026-02-01,Troy Brain Freeze Pushback Tournament VEX V5 HS Only: VEX V5 Robotics Competition,61932,5,5,1,0,6,83.3,Champ
9784A,2026-02-08,Ladue Middle School V5RC HIGH SCHOOL ONLY Tournament; St. Louis: VEX V5 Robotics Competition HIGH SCHOOL ONLY TOURNAMENT,61892,8,4,2,0,6,66.7,Champ
9784A,2026-02-21,"Southern Iowa VEX V5 MS/HS Tournament; Centerville, IA: VEX V5 Robotics Competition",60459,2,7,0,0,7,100.0,Champ
9784A,2026-03-06,2026 Missouri V5RC High School State Championship: VEX V5 Robotics Competition,62883,3,8,1,0,9,88.9,Champ
9784A,2026-03-16,2026 CREATE U.S. Open Robotics Tournament- V5RC High School: VEX V5 Robotics Competition HIGH SCHOOL,60346,13,7,6,0,13,53.8,F
10102Z,2025-09-12,The Highlander Summit Signature Event: High School VEX V5 Robotics Competition,59997,11,7,1,0,8,87.5,Qual
10102Z,2025-12-20,Framingham VEX V5 Competition HS Push Back December Tournament,60074,17,4,2,0,6,66.7,Champ
10102Z,2026-01-09,The North Dakota VEX V5 Robotics Competition Signature Event: High School Presented by the University of North Dakota,59929,8,8,2,0,10,80.0,F
10102Z,2026-02-15,iSTEAM  VEX V5 Open Tournament (February),63601,2,3,2,0,5,60.0,QF
10102Z,2026-03-07,Massachusetts VEX V5 High School State Championship,63086,4,8,1,0,9,88.9,F
11101K,2025-09-14,Saratoga VEX V5 Robotics Tournament #1,60112,9,5,1,0,6,83.3,F
11101K,2025-09-27,Bay Area VEX V5 Robotics Competition #1,60852,2,6,0,0,6,100.0,F
11101K,2025-10-25,Bay Area VEX V5 Push Back Tournament #2,61472,6,5,1,0,6,83.3,Champ
11101K,2025-11-08,"Gael Force Robotics Scrimmage #1: No Skills, No Judging",63407,2,6,2,0,8,75.0,Qual
11101K,2025-11-09,Saratoga VEX V5 Robotics Tournament #3,60388,6,5,1,0,6,83.3,F
11101K,2025-11-22,One World VEX HS Signature Event @ UC Berkeley: High School,60024,30,4,4,0,8,50.0,F
11101K,2025-12-26,Sunshine Showdown VEX V5 Robotics Competition Signature Event: High School,60249,9,6,3,0,9,66.7,F
11101K,2026-01-09,Ignite the Northwest V5RC Signature Event,60147,4,10,1,0,11,90.9,F
11101K,2026-01-25,10th Annual Battle of the Bay VEX V5 Tournament: Battle of the Bay 2026 hosted by Gael Force Robotics,62404,8,5,1,0,6,83.3,F
11101K,2026-01-29,Rumble In the Rockies VEX V5 Robotics Competition Signature Event: High School,60011,4,8,1,0,9,88.9,F
11101K,2026-02-13,"8th NorCal Silicon Valley VEX V5RC Signature Event (High School): Season: Push Back (2025-26), Digital Engineering Notebook, VEX V5 Robotics Competition",60255,8,6,1,1,8,75.0,F
11101K,2026-03-07,"2026 California Region 2 VEX V5 High School Championship: 2025-2026 Season (Push Back), In-Person Judging, Physical Engineering Notebook",62460,2,7,1,0,8,87.5,F
11101K,2026-04-12,Saratoga High Scrimmage #3,64184,4,4,2,0,6,66.7,Qual
11753A,2025-09-12,The Highlander Summit Signature Event: High School VEX V5 Robotics Competition,59997,52,4,4,0,8,50.0,Qual
11753A,2025-11-15,Calhoun Colts VEX V5  Push Back Robotics Competition: Joseph Andreano 1st Annual Robotics Competition,60363,1,5,1,0,6,83.3,QF
11753A,2025-11-22,"Mepham VEX V5 Robotics Tournament at Brookside 25-26: Push Back: Bellmore-Merrick CHSD, Long Island, New York",61862,5,5,1,0,6,83.3,SF
11753A,2026-01-04,Sugar Rush VEX V5 Robotics Competition Signature Event: High School,59947,20,6,4,0,10,60.0,F
11753A,2026-01-24,JFK VEX V5 Push Back Qualifier,60554,3,5,1,0,6,83.3,F
11753A,2026-02-08,VCAT VEX V5 Tournament at Vaughn College,63410,16,3,3,0,6,50.0,F
11753A,2026-02-21,C2C Robotics VEX V5 Push Back Qualifier: Hosted by C2C Robotics @ The Cradle of Aviation Museum,62907,6,4,1,0,5,80.0,F
11753A,2026-03-14,2026 Southern New York State Championship - VEX V5 High School: Hosted by Kennedy Gaels @ Kennedy Catholic Preparatory School,62884,2,7,1,0,8,87.5,F
12914X,2025-09-12,The Highlander Summit Signature Event: High School VEX V5 Robotics Competition,59997,50,4,4,0,8,50.0,Qual
12914X,2025-10-04,1x Robotics Presents: Meta in the Making at PWC Fairgrounds: VEX V5 Robotics Competition 2025-2026: Push Back - Blended HS/MS Qualifier,60755,9,3,4,0,7,42.9,QF
12914X,2025-10-11,Capital Beltway Opener: VEX V5 Robotics Competition - Blended,61362,1,6,0,0,6,100.0,Champ
12914X,2025-10-25,Bruin in the Den VEX V5 Robotics Competition: | Forest Park Blended Tournament,59935,9,6,2,0,8,75.0,F
12914X,2025-11-08,AOE Robotics Challenge,60506,4,5,0,1,6,83.3,F
12914X,2025-11-14,Smoky Mountain Forge *Signature Event*: High School,60153,16,5,4,0,9,55.6,F
12914X,2025-12-07,Route 1 Rumble at Potomac High School,60790,1,6,0,0,6,100.0,Champ
12914X,2025-12-13,Battle of the Bridge VEX V5 Robotics Competition - High School,60183,1,6,0,0,6,100.0,Champ
12914X,2025-12-20,8th Annual VEX V5 Robotics Competition Seton Christmas Tournament,60683,12,4,2,0,6,66.7,F
12914X,2025-12-31,Carolina Countdown - A New Year’s Signature Event: High School,59932,36,4,5,0,9,44.4,F
12914X,2026-01-04,Sugar Rush VEX V5 Robotics Competition Signature Event: High School,59947,6,8,2,0,10,80.0,F
12914X,2026-01-10,10Jan VEX V5 Robotics Competition Push Back at Glen Allen High: (MS/HS),62383,2,7,0,0,7,100.0,Champ
12914X,2026-01-17,Potomac School Winter Classic VEX V5 Robotics Competition: (Blended MS/HS),60443,1,6,0,0,6,100.0,Champ
12914X,2026-01-23,Kalahari Classic V5RC HIGH SCHOOL Signature Event: High School - WORLDS QUALIFYING DIVISION,60166,2,8,0,0,8,100.0,F
12914X,2026-01-30,Gateway to the West VEX V5 Robotics Competition Signature Event: High School,60004,19,6,4,0,10,60.0,F
12914X,2026-02-07,1x Robotics Presents: Meta Broken at PWC Fairgrounds: VEX V5 Competition 2025-2026: Push Back - High School Qualifier,60759,7,5,1,0,6,83.3,F
12914X,2026-02-12,Bots @ Bristol VEX V5 Robotics Competition Signature Event: High School,60192,9,5,3,0,8,62.5,F
12914X,2026-02-15,Prowl at the Potomac: VEX V5 Robotics Competition HS Tournament,59937,7,5,1,0,6,83.3,F
12914X,2026-02-21,21Feb VEX V5 Robotics Competition Push Back at Huguenot High: (MS/HS),62429,1,6,0,0,6,100.0,Champ
12914X,2026-02-22,February Route 1 Rumble at Potomac High School,61206,10,4,2,0,6,66.7,F
12914X,2026-02-28,[NEW LOCATION] 2026 OWL Firehouse Classic V5RC (Blended MS/HS): @ Beville Middle School,61425,1,6,0,0,6,100.0,F
12914X,2026-03-14,2026 Virginia VEX V5 Robotics Competition State Championship (HS),62982,5,8,0,0,8,100.0,F
13722A,2025-10-18,ROBOTICON Rumble 2025: Push Back in Tampa - VEX V5 Robotics - MS&HS,61762,4,5,2,0,7,71.4,F
13722A,2025-11-08,Eagles Push Back - VEX V5 Robotics Competition: Middle School & High School teams,61563,4,5,1,0,6,83.3,SF
13722A,2025-11-14,Smoky Mountain Forge *Signature Event*: High School,60153,31,4,5,0,9,44.4,F
13722A,2025-12-26,Sunshine Showdown VEX V5 Robotics Competition Signature Event: High School,60249,29,4,4,1,9,44.4,Qual
13722A,2025-12-31,Carolina Countdown - A New Year’s Signature Event: High School,59932,46,3,5,1,9,33.3,Qual
13722A,2026-01-03,Ram Robotics Push Back Challenge: VEX V5 Robotics Competition High School/Middle School Tournament,60551,2,8,2,0,10,80.0,SF
13722A,2026-01-31,5th Annual Knights Gambit V5RC-Push Back (Middle & High School): NeoCity Academy,60115,6,4,2,0,6,66.7,Champ
13722A,2026-02-15,2026 North/Central Florida High School Event Region Championship: VEX V5 Robotics Competition,61242,9,5,3,0,8,62.5,F
14895D,2025-12-18,CA BOCES Invitational Tournament,62654,6,3,2,0,5,60.0,F
14895D,2026-01-24,VEX in the Valley: PUSH BACK VEX V5 2026 Qualifying Tournament,60064,26,2,5,0,7,28.6,Qual
14895D,2026-01-31,NFHS Wolverine Robotics VEX V5  Push Back: Inaugural Event,62828,7,5,2,0,7,71.4,QF
14895D,2026-02-12,CA BOCES Invitational Tournament,62978,10,3,3,0,6,50.0,R16
14895D,2026-03-04,Northern NY State VEX V5 Blended Push Back Championship,60083,17,4,4,0,8,50.0,F
16099B,2025-09-12,The Highlander Summit Signature Event: High School VEX V5 Robotics Competition,59997,31,5,3,0,8,62.5,F
16099B,2025-11-15,Calhoun Colts VEX V5  Push Back Robotics Competition: Joseph Andreano 1st Annual Robotics Competition,60363,4,5,1,0,6,83.3,QF
16099B,2025-12-13,Mount Academy Push Back Qualifier,60767,7,5,1,0,6,83.3,F
16099B,2026-01-04,Sugar Rush VEX V5 Robotics Competition Signature Event: High School,59947,5,8,2,0,10,80.0,F
16099B,2026-01-29,Rumble In the Rockies VEX V5 Robotics Competition Signature Event: High School,60011,11,7,2,0,9,77.8,F
16099B,2026-02-08,VCAT VEX V5 Tournament at Vaughn College,63410,4,6,0,0,6,100.0,F
16099B,2026-03-14,2026 Southern New York State Championship - VEX V5 High School: Hosted by Kennedy Gaels @ Kennedy Catholic Preparatory School,62884,23,4,4,0,8,50.0,F
17280A,2025-12-08,V5RC | Push Back | Kinsale Regional | (HS): Organised by Kinsale,60170,2,7,1,0,8,87.5,Champ
17280A,2026-01-06,V5RC | Push Back | Colaiste Choilm Scrimmage (HS): Organised by Colaiste Choilm - Ballincollig Cork,63362,1,4,0,0,4,100.0,SF
17280A,2026-01-13,V5RC | Push Back | Cork Regional | (HS): Organised by Dell at MTU Nexus Hall,62581,3,6,0,0,6,100.0,SF
17280A,2026-02-24,"V5RC | Push Back | Ireland National Championship 2026 | (MS/HS): Organised by the RECF, Supported by Dell Technologies & MTU Cork",60955,9,4,4,0,8,50.0,QF
18908H,2025-11-24,Space City VEX V5 Robotics Competition Signature Event HS: High School,60209,60,2,7,0,9,22.2,Qual
18908H,2025-12-05,Region One ESC - V5RC Qualifier 1: VEX V5 Robotics Competition 2025-2026: Push Back Blended [TSA Qualifier],61771,4,5,2,0,7,71.4,SF
18908H,2026-01-17,Region One ESC - V5RC Qualifier 2: VEX V5 Robotics Competition 2025-2026: Push Back Blended [TSA Qualifier],61773,5,5,1,0,6,83.3,SF
18908H,2026-02-07,RECF - VEX UIL Texas State Championship 4A: VEX V5 Robotics Competition,62337,8,5,3,1,9,55.6,F
18908H,2026-03-07,2026 Texas Region 6 VRC Regional State Championship: VEX V5 Robotics Competition Push Back Blended VRC,61770,7,6,2,0,8,75.0,SF
20132B,2025-10-04,The Autumn Circuit,61557,3,8,1,0,9,88.9,Champ
20132B,2025-11-15,Cougar Clash 2025: VEX V5 Robotics Competition : Push Back,61938,1,11,0,0,11,100.0,Champ
20132B,2025-12-06,The IRON Cal Classic,62083,1,8,0,0,8,100.0,Champ
20132B,2025-12-13,Klamath Icebreaker,60461,7,5,1,0,6,83.3,F
20132B,2026-01-09,Ignite the Northwest V5RC Signature Event,60147,38,4,7,0,11,36.4,Qual
20132B,2026-03-07,2026 California Region 1 VEX V5 Championship,63932,5,6,2,0,8,75.0,Champ
21052A,2025-11-08,Aiglon Robot Rumble,63691,5,4,2,0,6,66.7,QF
21052A,2025-12-05,Santa Robot Clash 2025: at International School Basel,60455,12,3,3,0,6,50.0,Qual
21052A,2026-02-07,Alpine Robo Games 2026 - VEX V5: VEX V5 Push Back Tournament,61720,1,7,1,0,8,87.5,QF
22532V,2025-11-22,VEX ROBOTICS COMPETITION ISTANBUL TURNUVASI,63455,20,3,3,0,6,50.0,Qual
22532V,2026-01-03,ISTANBUL VEX V5 EUROPEAN OPEN EVENT,62780,1,7,0,0,7,100.0,F
22532V,2026-02-14,VEX V5 Robotics Competition ANKARA,64000,14,4,3,0,7,57.1,R16
22532V,2026-02-28,VEX V5 Robotics Competition Turkiye Championship,64020,18,3,3,0,6,50.0,R16
22532V,2026-04-12,2026 VEX V5RC Baykar Fen Lisesi Scrimmage,64177,6,4,5,0,9,44.4,Champ
26455A,2026-01-19,RPI 2026 VEX V5 Robotics Competition: Push Back Qualifying Tournament,62851,14,4,3,0,7,57.1,F
26455A,2026-02-07,Adirondack VEX V5 Push Back Qualifier,63124,7,5,2,0,7,71.4,SF
26455A,2026-03-04,Northern NY State VEX V5 Blended Push Back Championship,60083,8,6,2,0,8,75.0,F
29204B,2025-11-14,Smoky Mountain Forge *Signature Event*: High School,60153,35,3,6,0,9,33.3,Qual
29204B,2025-11-20,City of Oxford V5 Robotics Competition: MS and HS Teams,61207,3,5,1,0,6,83.3,SF
29204B,2026-01-15,Hyundai Presents SCORE Showdown at Auburn University (HS): VEX V5 Robotics Competition Signature Event High School,59912,26,4,4,0,8,50.0,F
29204B,2026-01-22,City of Oxford V5 Robotics Competition: MS and HS Teams,61382,16,3,3,0,6,50.0,F
29204B,2026-02-07,Auburn Robotics Club - VEX V5 Robotics Competition: Middle and High School Teams,61657,5,5,1,0,6,83.3,F
29204B,2026-02-20,Alabama VEX V5 Robotics Competition Event Region Championship: High School Teams Only,62027,35,3,5,0,8,37.5,F
29204B,2026-04-11,Auburn Robotics Club - VEX V5 Robotics Competition Scrimmage: MS/HS,64165,12,1,4,0,5,20.0,R16
32092G,2025-09-26,Great Planes Signature Event: High School VEX V5 Robotics Competition,59933,19,6,3,0,9,66.7,Champ
32092G,2025-10-07,Butter Nexus League IV: VEX V5 Robotics Competition 2025-2026: Push Back The Rechurning  HS only,61864,2,13,0,0,13,100.0,Champ
32092G,2025-10-25,2025-2026 Push Back SVVSD Erie High School,61573,5,5,1,0,6,83.3,F
32092G,2025-12-30,Diamond in the Desert High School Signature Event: High School | The Arizona VEX Signature Event,59904,8,7,3,0,10,70.0,F
32092G,2026-01-29,Rumble In the Rockies VEX V5 Robotics Competition Signature Event: High School,60011,12,5,4,0,9,55.6,F
32092G,2026-02-07,"Berthoud Robotics Push-Back Tournament: VRC, HS, In Person Competition",62584,1,5,1,0,6,83.3,Champ
32092G,2026-03-06,"2026 Colorado V5RC High School State Championships: Hosted by Erie High School, The Innovation Center of St. Vrain & St. Vrain Valley Schools",63341,5,6,2,0,8,75.0,F
34001B,2025-11-22,VEX ROBOTICS COMPETITION ISTANBUL TURNUVASI,63455,4,5,1,0,6,83.3,Champ
34001B,2025-12-27,VEX V5 Robotics Competition Darıca,63907,1,7,0,0,7,100.0,Champ
34001B,2026-02-28,VEX V5 Robotics Competition Turkiye Championship,64020,1,6,0,0,6,100.0,Champ
34001B,2026-04-12,2026 VEX V5RC Baykar Fen Lisesi Scrimmage,64177,3,6,3,0,9,66.7,Champ
36930X,2025-10-24,2025年第十六届VEX亚洲机器人锦标赛中国选拔赛华东区赛-VEX V5 HS,61749,2,5,1,0,6,83.3,F
36930X,2025-12-31,2025-2026 VEX Robotics Competition Asia Open Finals (V5RC_HS),63545,28,1,7,0,8,12.5,Qual
36930X,2026-01-06,2025世界机器人大赛总决赛(V5RC-HS): VEX系列赛项,63873,8,5,1,0,6,83.3,F
36930X,2026-02-26,2025-2026赛季 VEX机器人全国邀请赛（宜兴）V5RC-HS,64058,6,4,2,0,6,66.7,F
39792E,2025-10-03,Best in Southwest★FL ~ VEX V5 Robotics Competition Push Back: High School only,61547,15,3,4,0,7,42.9,F
39792E,2025-10-18,4th Annual Great Philosopher's Get Together - Push Back: Middle School & High School teams,61521,7,4,2,0,6,66.7,QF
39792E,2025-10-19,Push Back At Ransom Everglades HS V5RC Qualifier to SFL Regionals: VEX V5 Robotics Competition - High School Teams,61165,20,3,5,0,8,37.5,F
39792E,2025-11-08,Miami Coral Park VEX V5 Robotics Competition Regional Qualifier: Middle School & High School teams,61986,6,5,1,0,6,83.3,F
39792E,2025-12-06,"""Make It Happen"" VEX V5 Robotics Competition 2025-2026: Push Back for HS and MS",62684,2,7,0,0,7,100.0,F
39792E,2025-12-13,Jingle Bots V5RC Qualifier for SFL Regionals: High School/Middle School Tournament,60098,3,6,1,0,7,85.7,F
39792E,2025-12-26,Sunshine Showdown VEX V5 Robotics Competition Signature Event: High School,60249,25,6,3,0,9,66.7,F
39792E,2026-01-10,VEX V5 Robotics Competition at iTech@Thomas A. Edison: High School Only,62905,10,3,3,0,6,50.0,QF
39792E,2026-01-24,2nd Annual VEX V5 Robotics Tournament Tournament of the Titans: Blended MS&HS,61686,1,6,0,0,6,100.0,Champ
39792E,2026-03-15,2026 VEX V5 Robotics South Florida HS Event Region Championship,61620,18,4,3,1,8,50.0,F
43141Z,2025-10-18,"6th Annual Mountain Pointe Tournament & Expo Spooktakular: VEX V5 Robotics Competition, HS Only, All In Person Judging",59955,3,7,1,0,8,87.5,Champ
43141Z,2025-10-22,"GPS League Invitation Only: Invitational, VEX V5 Robotics Competition, Blended HS/MS, No Judging",62150,1,8,0,0,8,100.0,Champ
43141Z,2025-12-30,Diamond in the Desert High School Signature Event: High School | The Arizona VEX Signature Event,59904,8,7,3,0,10,70.0,F
43141Z,2026-01-17,"UAT Push Back Bash: VEX V5 Robotics Competition, High School Only, In Person Judging",62872,1,6,0,0,6,100.0,Champ
43141Z,2026-03-06,2026 AIA Arizona VEX V5 Robotics Competition: High School State Championship,62151,14,6,4,0,10,60.0,F
44077T,2025-11-15,V5RC TH Push Back Central Regional Qualifier 25-26: Blended - Hosted by Panyapiwat Institute of Management (PIM),60588,3,7,1,0,8,87.5,QF
44077T,2026-01-15,V5RC Push Back TH National Championship 25-26 - HS: High School - Hosted by Panyapiwat Institute of Management (PIM),60590,4,8,2,0,10,80.0,F
46366A,2025-10-25,5th Annual Caston Cobweb Classic VEX V5 Robotics Competition: Push Back Competition Middle and High School Teams,61769,36,2,4,0,6,33.3,Qual
46366A,2025-12-13,Region Robotics Rumble Portage Township Schools Tournament: VEX V5 Robotics Competition Push Back High School Teams,61151,45,2,4,0,6,33.3,Qual
46366A,2026-01-08,1st Annual HNAC Invitational League VEX V5 Robotics Competition: Push Back Middle and High School Teams,63626,4,10,6,0,16,62.5,SF
46366A,2026-01-24,Caston Mid-Season Mayhem VEX V5 Robotics Competition: Push Back Middle and High School Teams,62167,46,0,6,0,6,0.0,Qual
46366A,2026-02-07,DeKalb Central VEX V5 Robotics Competition: Push Back Middle School and High School Teams,62878,25,2,4,0,6,33.3,F
46366A,2026-02-21,Culver Academies 3rd Annual Qualifier: VEX V5 Robotics Competition: Push Back Middle School and High School Teams,60239,14,4,2,0,6,66.7,F
46366A,2026-03-13,2026 Indiana Robotics State Championship - High School: VEX V5 Robotics Competition High School Teams,62627,35,3,4,1,8,37.5,Qual
51548B,2025-11-08,VEX V5 Robotics Competition- BACK in Action with Bulldog Bytes: High School and Middle School Teams Welcome,61324,4,4,2,0,6,66.7,Champ
51548B,2025-11-22,VEX V5 Robotics Competition @ FHS: Middle and High School Teams-RoboDawgs Thanksgiving,60477,2,7,1,0,8,87.5,SF
51548B,2026-02-07,VEX V5 Robotics Competition Bulldog Bytes Last Chance Tournament: Push Back Tournament--High School and Middle Schools Invitational,61325,4,5,2,0,7,71.4,F
51548B,2026-02-26,2026 Louisiana High School VEX V5 Robotics State Championship: High School Teams Only,63163,14,5,3,0,8,62.5,F
54001A,2025-07-17,第一届“明德启智杯”2025-2026 VEX机器人邀请赛: V5RC高中组,60374,4,5,1,0,6,83.3,QF
54001A,2025-07-26,2025-2026VEX机器人亚洲公开赛西安城市赛V5RC,60699,1,6,0,0,6,100.0,QF
54001A,2025-11-14,2025年第十六届VEX亚洲机器人锦标赛中国选拔赛中西区赛-VEX V5 HS,63772,1,7,1,0,8,87.5,F
54001A,2025-12-18,VEX Asia Open Signature Event V5RC HS: High School,60484,1,8,0,0,8,100.0,F
54001A,2026-02-26,2025-2026赛季 VEX机器人全国邀请赛（宜兴）V5RC-HS,64058,14,3,3,0,6,50.0,F
56448A,2025-11-14,Smoky Mountain Forge *Signature Event*: High School,60153,43,1,8,0,9,11.1,Qual
56448A,2025-11-19,VEX V5 Robotics Competition Fall Open Tournament HS/MS: by UWA Black Belt Stem Institute & KSR @ Francis Marion HS,62149,2,5,1,0,6,83.3,SF
56448A,2025-12-13,"MARG at LAMP Vex V5 Robotics Competition MS/HS Open Tournament: Live, Love, Learn, Compete",61886,9,5,1,0,6,83.3,F
56448A,2026-01-10,Hartselle Tigers Tournament VEX V5 Robotics Competition HS/MS,63508,16,4,2,0,6,66.7,F
56448A,2026-01-23,UWA & KSR VEX V5 Robotics Competition MS/HS January Tournament: by UWA Black Belt Stem Institute & KSR @ Sumter Central HS,63490,1,7,0,0,7,100.0,Champ
56448A,2026-01-31,AEROpalooza V5RC (MS/HS Blended),60907,12,4,2,0,6,66.7,F
56448A,2026-02-20,Alabama VEX V5 Robotics Competition Event Region Championship: High School Teams Only,62027,31,4,4,0,8,50.0,F
59735X,2025-11-15,Viking VEXplosion: Blended VEX V5 Robotics Competition Open,62375,5,6,3,0,9,66.7,QF
59735X,2025-12-14,Wolverine Robotics Rumble MS/HS V5: Blended VEX V5 Robotics Competition Open,63224,3,6,3,0,9,66.7,F
59735X,2026-02-08,West Cabarrus Robo Challenge Invitational: MS/HS V5: Blended VEX V5 Robotics Competition Invitational,63225,4,7,1,0,8,87.5,Champ
59735X,2026-02-28,North Carolina HS VEX V5 Robotics State Championship: High School,63791,2,8,0,0,8,100.0,F
62629K,2025-10-25,"Boo at Woo Blended Tournament: VEX V5 Robotics Competition Push Back, Wooster, OH",61669,31,2,3,1,6,33.3,Qual
62629K,2025-11-01,John Marshall High School Push Back Qualifier: VEX V5 Robotics Competition - Blended,60804,5,6,1,0,7,85.7,F
62629K,2025-11-08,OHIO Valley Vex Tournament at Brooke County Schools: Push Back Qualifier VEX V5 Robotics Competition - Blended,61854,11,5,2,0,7,71.4,F
62629K,2026-01-10,WVU Mountaineer 2026 VEX V5 Robotics Competition - High School,62273,2,8,0,0,8,100.0,F
62629K,2026-01-17,Push Back at The Palace on the Hill: Wheeling Park High School - Blended Qualifier,60446,4,7,1,0,8,87.5,Champ
62629K,2026-01-30,Gateway to the West VEX V5 Robotics Competition Signature Event: High School,60004,4,9,1,0,10,90.0,F
62629K,2026-02-07,[POSTPONED] Westwood Winter Classic: VEX V5 Robotics Competition High School Qualifier,62005,4,5,3,0,8,62.5,SF
62629K,2026-03-08,2026 West Virginia State Championship: VEX V5 Robotics Competition - High School,61569,3,10,0,0,10,100.0,F
64040B,2025-12-06,Bears Robotics VEX V5 Push Back Qualifying Tournament I,63015,1,7,0,0,7,100.0,Champ
64040B,2026-01-17,Timberwolf Turmoil,60601,7,5,2,0,7,71.4,F
64040B,2026-01-19,RPI 2026 VEX V5 Robotics Competition: Push Back Qualifying Tournament,62851,5,6,1,0,7,85.7,F
64040B,2026-01-30,Bears Robotics Friday Night Fever Push Back Qualifying Tournament,63104,1,7,0,0,7,100.0,Champ
64040B,2026-02-07,Adirondack VEX V5 Push Back Qualifier,63124,3,6,1,0,7,85.7,SF
64040B,2026-03-04,Northern NY State VEX V5 Blended Push Back Championship,60083,3,7,1,0,8,87.5,F
66954A,2025-10-18,ROBOTICON Rumble 2025: Push Back in Tampa - VEX V5 Robotics - MS&HS,61762,24,1,6,0,7,14.3,F
66954A,2025-11-08,Eagles Push Back - VEX V5 Robotics Competition: Middle School & High School teams,61563,8,4,2,0,6,66.7,F
66954A,2025-11-14,Smoky Mountain Forge *Signature Event*: High School,60153,43,2,7,0,9,22.2,Qual
66954A,2025-12-13,White Knights a Holiday Affair Push Back at NeoCity Academy: VEX V5 Robotics Competition (Middle & High School),60111,15,2,4,0,6,33.3,QF
66954A,2025-12-26,Sunshine Showdown VEX V5 Robotics Competition Signature Event: High School,60249,24,4,5,0,9,44.4,Qual
66954A,2026-01-03,Ram Robotics Push Back Challenge: VEX V5 Robotics Competition High School/Middle School Tournament,60551,6,6,4,0,10,60.0,QF
66954A,2026-01-17,Winter Push Back in the APK (Middle School & High School): VEX V5 Robotics Competition Hosted by AHS Robotics,63072,12,5,1,1,7,71.4,F
66954A,2026-01-24,Welcome To The Wolves Den - VEX V5 Robotics Competition: Middle & High School Teams,61924,4,6,1,0,7,85.7,Champ
66954A,2026-01-31,Tallahassee @FAMU Push Back VEX V5 Robotics Competition: Middle and High School Teams,62876,1,6,0,0,6,100.0,QF
66954A,2026-02-15,2026 North/Central Florida High School Event Region Championship: VEX V5 Robotics Competition,61242,12,5,3,0,8,62.5,F
66954A,2026-03-16,2026 CREATE U.S. Open Robotics Tournament- V5RC High School: VEX V5 Robotics Competition HIGH SCHOOL,60346,10,8,5,0,13,61.5,F
69580A,2025-11-01,Southeast New Mexico V5RC Push Back Robotics Challenge: JROTC New Mexico Military Institute Tournament,62172,1,5,1,0,6,83.3,Champ
69580A,2025-12-13,Jefferson-Truman V5RC Push Back Tournament: VEX V5 Robotics Blended High School and Middle School,61967,1,5,0,0,5,100.0,Champ
69580A,2025-12-30,Diamond in the Desert High School Signature Event: High School | The Arizona VEX Signature Event,59904,26,5,5,0,10,50.0,F
69580A,2026-02-20,New Mexico Military Institute Robotics Challenge: VEX V5 Robotics Competition 2025-2026: Push Back,64094,1,6,0,0,6,100.0,Champ
69580A,2026-03-13,"2026 New Mexico State Championship, High School: VEX V5 Robotics Competition 2025-2026: Push Back",63552,2,7,1,0,8,87.5,Champ
71909X,2025-11-08,VEX V5 Robotics Competition- BACK in Action with Bulldog Bytes: High School and Middle School Teams Welcome,61324,1,6,0,0,6,100.0,F
71909X,2025-11-24,Space City VEX V5 Robotics Competition Signature Event HS: High School,60209,57,3,6,0,9,33.3,Qual
71909X,2025-12-06,VEX V5 Robotics Tournament-  Merry VEXmas: MS/HS Teams Online- Hosted by Barbe High,61610,2,6,0,0,6,100.0,Champ
71909X,2025-12-13,VEX V5 Robotics Competition – LeBlanc MS Holly Jolly Tournament: Middle and High School Teams-Ugly Sweaters and Holiday Cheer Encouraged,61086,1,6,0,0,6,100.0,Champ
71909X,2026-01-31,VEX V5 Robotics Competition- Capital Area STEM Network Center: Middle and High School Tournaments,61691,15,4,3,0,7,57.1,F
71909X,2026-02-07,VEX V5 Robotics Competition Bulldog Bytes Last Chance Tournament: Push Back Tournament--High School and Middle Schools Invitational,61325,1,7,0,0,7,100.0,Champ
71909X,2026-02-26,2026 Louisiana High School VEX V5 Robotics State Championship: High School Teams Only,63163,16,5,3,0,8,62.5,F
74403W,2025-10-25,MonsterBot Mayhem [Blended],60478,8,4,2,0,6,66.7,QF
74403W,2025-11-01,VEX or Treat High School: VEX V5 Robotics Competition Pryor Robotics,61698,7,4,2,0,6,66.7,R16
74403W,2025-11-15,Hilldale HS Push Back: VEX V5 Robotics Competition,61919,3,6,2,0,8,75.0,SF
74403W,2025-12-13,"Haskell Hi_ReS ""Push Back"" V5RC HS VEX Robotics Competition: VEX V5 Robotics Competition, HS Only, In-Person Judging",62504,6,4,2,0,6,66.7,QF
74403W,2026-01-17,Verdigris Cardinals Push Back Open Tournament HS: VEX V5 Robotics Competition,60716,8,5,2,0,7,71.4,F
74403W,2026-02-14,"Haskell Hi_ReS ""Push Back #2"" HS V5RC Robotics Competition: VEX Robotics Competition, HS Only, In-Person Judging",63314,4,6,1,0,7,85.7,QF
74403W,2026-03-13,2026 Oklahoma V5RC High School State Robotics Tournament: VEX V5 Robotics Competition,62309,10,5,3,0,8,62.5,F
76502A,2025-11-08,Cpt Waskow's salute to Veterans Challenge: HS/MS V5RC 2025-2026: Push Back Belton New Tech @Waskow,62066,15,2,4,0,6,33.3,F
76502A,2026-01-10,Battle by the Lake: HS V5RC Tournament - Push Back,63178,23,2,4,0,6,33.3,F
76502A,2026-02-07,Push Back at Lake Belton High School,63736,28,2,4,0,6,33.3,F
76502A,2026-02-14,Push Back @ Bowie High School: VEX V5 Robotics Competition 2025-2026: Push Back,63788,26,2,4,0,6,33.3,F
76502A,2026-02-18,RESCHEDULED: Push Back at Lake Belton High School: New Date: 2.18 VEX V5 Robotics Competition 2025-2026: Push Back,63930,6,4,4,0,8,50.0,R16
76502A,2026-02-21,3rd annual Dragons Den Challenge: VEX V5 Robotics Competition 2025-2026: Push Back,63744,22,3,3,0,6,50.0,F
76502A,2026-03-14,Texas Region 4 V5RC High School Championship: VEX V5 Robotics Competition 2025-2026: Push Back,63914,33,2,6,0,8,25.0,Qual
78634E,2025-12-06,Hutto High School December Push Back: VEX V5 Robotics Competition 2025-2026: Push Back,63701,7,4,2,0,6,66.7,Champ
78634E,2026-01-10,Hutto High School Winter Tournament: VEX V5 Robotics Competition 2025-2026: Push Back,63702,6,4,2,0,6,66.7,F
78634E,2026-02-05,RECF - VEX UIL Texas State Championship 6A: VEX V5 Robotics Competition,62335,18,5,4,0,9,55.6,F
78634E,2026-02-07,Push Back at Lake Belton High School,63736,3,5,1,0,6,83.3,Champ
78634E,2026-02-14,Push Back @ Bowie High School: VEX V5 Robotics Competition 2025-2026: Push Back,63788,10,5,1,0,6,83.3,F
78634E,2026-03-14,Texas Region 4 V5RC High School Championship: VEX V5 Robotics Competition 2025-2026: Push Back,63914,9,6,2,0,8,75.0,F
78634E,2026-04-08,2026 Texas TSA State Conference Push Back (Blended Event),63158,6,7,1,0,8,87.5,F
80080X,2025-11-01,"2nd Annual Applied Tech Classic: VEX V5 Robotics Competition, Blended, All In-Person Judging",61723,6,2,4,0,6,33.3,SF
80080X,2025-11-08,"Mechanical Mania at ACP: Blended Qualifier: VEX V5 Robotics Competition, Blended HS/MS, All In-Person Judging",62088,5,5,2,0,7,71.4,Champ
80080X,2025-12-13,"RoboBucs Winter Rumble #4: VEX V5 Robotics Competition, Blended HS/MS, All In Person Judging - Digital Notebooks",59914,14,4,2,0,6,66.7,F
80080X,2025-12-30,Diamond in the Desert High School Signature Event: High School | The Arizona VEX Signature Event,59904,18,7,3,0,10,70.0,F
80080X,2026-01-17,"UAT Push Back Bash: VEX V5 Robotics Competition, High School Only, In Person Judging",62872,2,5,1,0,6,83.3,Champ
80080X,2026-02-14,"26 Desert Ridge High School Senior Recognition High School Only: VEX V5 Robotics Competition, HS Only, Remote Notebooks",60273,3,5,1,0,6,83.3,Champ
80080X,2026-03-06,2026 AIA Arizona VEX V5 Robotics Competition: High School State Championship,62151,5,8,2,0,10,80.0,F
81988B,2025-08-14,2025长三角VEX机器人精英赛-HS,60835,2,6,1,1,8,75.0,F
81988B,2025-12-31,2025-2026 VEX Robotics Competition Asia Open Finals (V5RC_HS),63545,3,6,2,0,8,75.0,QF
81988B,2026-02-01,科创青禾2025-2026全国VEX机器人精英赛 V5RC-HS,60839,17,6,3,1,10,60.0,F
81988B,2026-03-27,尚德杯VEX挑战赛 V5RC: 2025尚德科创中心课程展（工程季）,64164,7,4,2,0,6,66.7,QF
84443F,2025-11-12,Whitehall VEX V5 Robotics Competition Push Back: Blended V5RC MS/HS,61389,8,3,2,1,6,50.0,F
84443F,2025-11-20,2025-26 VEX V5 Warrior Robotics League: High School Robotics League,61143,1,8,0,0,8,100.0,Champ
84443F,2025-12-13,5th Annual Warrior Robotics V5 Tournament: VEX V5 Robotics Competition Blended MS/HS,61145,4,5,1,0,6,83.3,SF
84443F,2026-01-10,SMC Western Wisconsin VEX V5 Robotics Competition: Blended MS/HS,59911,3,6,2,0,8,75.0,F
84443F,2026-01-22,2026 NE WI Showdown VEX V5 Robotics Competition Signature Event: High School,59930,55,3,6,0,9,33.3,Qual
84443F,2026-01-31,DevilBots Brawl: UW-Stout Vex V5 Robotics Competition - HS Only,62841,4,5,1,0,6,83.3,QF
84443F,2026-03-06,2026 Wisconsin VEX V5 High School State Championship: VEX V5 Robotics Competition High School,61528,14,7,3,0,10,70.0,F
87867C,2025-11-01,For the Love of Bots I V5RC Push Back: VEX V5 Robotics Competition 2025-2026: HS,61588,10,4,2,0,6,66.7,F
87867C,2025-11-15,Wylie High School VEX Robotics Push Back Tournament: High School Only,61537,8,5,2,0,7,71.4,F
87867C,2025-12-06,Southlake Carroll December Push Back Tournament: V5RC 2025-2026: Push Back HS,61604,9,5,2,0,7,71.4,QF
87867C,2026-01-17,Robot Rodeo DFW Signature Event: High School,60142,14,6,2,0,8,75.0,F
87867C,2026-01-31,Wylie High School VEX Robotics Push Back Tournament Pt.2: High School Only,62318,9,5,2,0,7,71.4,F
87867C,2026-02-13,"8th NorCal Silicon Valley VEX V5RC Signature Event (High School): Season: Push Back (2025-26), Digital Engineering Notebook, VEX V5 Robotics Competition",60255,20,5,3,0,8,62.5,F
87867C,2026-02-27,2026 Texas Region 5 High School V5 Robotics State Championship: V5RC 2025-2026: Push Back HS,63167,15,4,4,0,8,50.0,F
91142A,2025-10-25,"Boo at Woo Blended Tournament: VEX V5 Robotics Competition Push Back, Wooster, OH",61669,26,3,3,0,6,50.0,F
91142A,2025-11-05,CCESC VEX V5 Robotics Competition Blended League (MS/HS Teams): VEX V5 Robotics Competition Push Back,59970,10,8,4,0,12,66.7,F
91142A,2025-11-08,Dan Spak Memorial: VEX V5 Robotics Competition Push Back,61956,54,1,5,0,6,16.7,Qual
91142A,2025-11-15,West Holmes Robotics High School Tournament: VEX V5 Robotics Competition 2025-2026: Push Back,59961,32,2,4,0,6,33.3,F
91142A,2025-11-20,Mahoning Valley Blended League: VEX V5 Robotics Competition Push Back,62081,11,10,6,0,16,62.5,F
91142A,2025-11-22,Mahoning Valley VEX V5RC Blended Qualifier: VEX V5 Robotics Competition 2025-2026: Push Back,60882,22,3,3,0,6,50.0,F
91142A,2025-12-06,Triway Robotics High School December Classic Tournament: VEX V5 Robotics Competition Push Back,61296,23,3,3,0,6,50.0,F
91142A,2025-12-20,Mahoning Valley VEX V5 Invitational: Open to all members of the Mahoning Valley VEX League,62240,5,4,1,1,6,66.7,R16
91142A,2026-01-10,Rubber City Rumble - Presented by Akron Roobotics: VEX V5 Robotics Competition Push Back,61701,5,5,1,0,6,83.3,F
91142A,2026-01-23,Kalahari Classic V5RC HIGH SCHOOL Signature Event: High School - WORLDS QUALIFYING DIVISION,60166,63,3,5,0,8,37.5,Qual
91142A,2026-03-06,2026 Ohio V5RC HS Robotics State Championship: V5RC  High School Division,61933,32,3,5,0,8,37.5,Qual
95071V,2025-09-14,Saratoga VEX V5 Robotics Tournament #1,60112,7,5,1,0,6,83.3,F
95071V,2025-09-27,Bay Area VEX V5 Robotics Competition #1,60852,4,6,0,0,6,100.0,F
95071V,2025-10-12,Saratoga VEX V5 Robotics Tournament #2,60113,1,6,0,0,6,100.0,SF
95071V,2025-11-09,Saratoga VEX V5 Robotics Tournament #3,60388,1,5,1,0,6,83.3,F
95071V,2025-11-22,One World VEX HS Signature Event @ UC Berkeley: High School,60024,21,5,3,0,8,62.5,F
95071V,2025-12-06,"DRC VEX V5 Robotics Competition #1: HS & MS, Remote Engineering Notebooks and Interviews",61097,4,6,0,0,6,100.0,F
95071V,2026-01-18,CVCHS Ugly Robotics Push Back Tournament #2,63098,4,6,0,0,6,100.0,Champ
95071V,2026-02-13,"8th NorCal Silicon Valley VEX V5RC Signature Event (High School): Season: Push Back (2025-26), Digital Engineering Notebook, VEX V5 Robotics Competition",60255,75,3,4,1,8,37.5,Qual
95071V,2026-03-07,"2026 California Region 2 VEX V5 High School Championship: 2025-2026 Season (Push Back), In-Person Judging, Physical Engineering Notebook",62460,37,4,4,0,8,50.0,Qual
95071V,2026-03-16,2026 CREATE U.S. Open Robotics Tournament- V5RC High School: VEX V5 Robotics Competition HIGH SCHOOL,60346,1,12,1,0,13,92.3,Champ
95071V,2026-03-29,Saratoga High Scrimmage #1,64182,1,6,0,0,6,100.0,SF
96789Z,2025-10-25,"Waianae High School  ""Halloween"" Tournament - HS/MS Blended: VEX V5 Robotics Competition Push Back",60675,1,8,0,0,8,100.0,Champ
96789Z,2025-10-31,West Oahu 1: West Side VEX V5 Robotics Competition  MS/HS Competition #1,60950,3,7,2,0,9,77.8,Champ
96789Z,2025-11-15,Pumpkin Spiced Push Back: Ewa Makai Middle School Push Back Hawaii Blended Tournament,62405,1,8,0,0,8,100.0,Champ
96789Z,2025-11-22,Roosevelt JROTC Blended HS/MS V5RC Tournament: V5RC : Push Back Open to JROTC and Non-JROTC Teams,62038,1,7,1,0,8,87.5,Champ
96789Z,2025-12-20,Merry VEXmas Kaiser Blended V5RC Tournament: VEX V5 Robotics Competition :Push Back,63025,1,6,0,0,6,100.0,F
96789Z,2026-01-03,East Oahu Kalani HS VEX V5 Robotics Competition Tournament: new years tourney,63065,2,8,0,0,8,100.0,Champ
96789Z,2026-01-09,West Oahu #2: West Side VEX V5 Robotics Competition  MS/HS Competition #2,61965,1,7,1,0,8,87.5,Champ
96789Z,2026-02-13,Hawaii Regional Championship VEX V5 High School Division: VEX V5 Robotics Competition State Championship,62322,1,9,0,0,9,100.0,F
98115A,2025-11-14,2025年第十六届VEX亚洲机器人锦标赛中国选拔赛中西区赛-VEX V5 HS,63772,12,4,4,0,8,50.0,R16
98601C,2025-09-14,robotics is ez @ 2025 maker faire orange county - hs: VEX V5 Robotics Competition - push back,60810,30,2,4,0,6,33.3,Qual
98601C,2025-11-15,Beach Brawl 11/15 VEX V5 Robotics Competition : Push Back: Beach Brawl @ McBride High School,61212,22,2,3,1,6,33.3,F
98601C,2025-12-07,2025 San Diego VEX Match Only Tournament No. 6: V5RC : Push Back Matches Only #6,60416,15,3,4,0,7,42.9,F
98601C,2025-12-30,Diamond in the Desert High School Signature Event: High School | The Arizona VEX Signature Event,59904,19,5,5,0,10,50.0,F
98601C,2026-01-10,"Roundtable Robotics Challenge 2026 ""Push Back""",60654,5,5,1,0,6,83.3,F
98601C,2026-01-23,Kalahari Classic V5RC HIGH SCHOOL Signature Event: High School - WORLDS QUALIFYING DIVISION,60166,38,5,3,0,8,62.5,F
98601C,2026-01-25,JROTC National Championship @ The Kalahari Classic: VEX V5 Robotics Competition,60198,14,5,3,0,8,62.5,F
98601C,2026-02-13,"8th NorCal Silicon Valley VEX V5RC Signature Event (High School): Season: Push Back (2025-26), Digital Engineering Notebook, VEX V5 Robotics Competition",60255,83,2,6,0,8,25.0,Qual
99750A,2025-12-13,PACT Push Back Attack: Blended VEX V5 Robotics Competition MS / HS,62646,8,4,3,0,7,57.1,R16
99750A,2026-01-03,Tiger Robotics HS VEX V5RC Push Back: VEX V5 Robotics Competition HS,61443,15,4,3,0,7,57.1,F
99750A,2026-01-31,Kimball Area Schools Super Mega HS Tournament: VEX V5 Robotics Competition High School,60720,14,4,2,0,6,66.7,F
99750A,2026-02-07,Rum River Rumble High School VEX V5 Robotics Competition: V5RC High School,61543,5,5,1,0,6,83.3,F
99750A,2026-02-14,Storm Robotics HS Competition - Sauk Rapids - Push Back: VEX V5 Robotics Competition High School Only,63426,2,8,0,0,8,100.0,Champ
99750A,2026-03-05,MN VEX V5 Robotics State Championship - HS: V5RC High School ERC,61779,32,3,4,1,8,37.5,Qual
